"Date","Temperature"
"1981-01-01",38.1
"1981-01-02",32.4
"1981-01-03",34.5
"1981-01-04",20.7
"1981-01-05",21.5
"1981-01-06",23.1
"1981-01-07",29.7
"1981-01-08",36.6
"1981-01-09",36.1
"1981-01-10",20.6
"1981-01-11",20.4
"1981-01-12",30.1
"1981-01-13",38.7
"1981-01-14",41.4
"1981-01-15",37.0
"1981-01-16",36.0
"1981-01-17",37.0
"1981-01-18",38.0
"1981-01-19",23.0
"1981-01-20",26.7
"1981-01-21",27.5
"1981-01-22",21.7
"1981-01-23",22.9
"1981-01-24",26.2
"1981-01-25",36.5
"1981-01-26",41.8
"1981-01-27",21.5
"1981-01-28",19.2
"1981-01-29",25.0
"1981-01-30",28.9
"1981-01-31",23.2
"1981-02-01",31.5
"1981-02-02",36.2
"1981-02-03",38.2
"1981-02-04",26.4
"1981-02-05",20.9
"1981-02-06",21.5
"1981-02-07",30.2
"1981-02-08",33.4
"1981-02-09",32.6
"1981-02-10",22.2
"1981-02-11",21.7
"1981-02-12",30.0
"1981-02-13",35.7
"1981-02-14",32.8
"1981-02-15",39.3
"1981-02-16",25.5
"1981-02-17",23.0
"1981-02-18",19.9
"1981-02-19",21.3
"1981-02-20",20.8
"1981-02-21",21.7
"1981-02-22",23.8
"1981-02-23",29.0
"1981-02-24",23.7
"1981-02-25",21.3
"1981-02-26",28.5
"1981-02-27",33.6
"1981-02-28",34.6
"1981-03-01",34.2
"1981-03-02",27.0
"1981-03-03",24.2
"1981-03-04",19.9
"1981-03-05",19.7
"1981-03-06",21.5
"1981-03-07",30.6
"1981-03-08",30.0
"1981-03-09",19.0
"1981-03-10",19.6
"1981-03-11",20.6
"1981-03-12",23.6
"1981-03-13",17.9
"1981-03-14",17.3
"1981-03-15",21.4
"1981-03-16",24.1
"1981-03-17",20.9
"1981-03-18",30.1
"1981-03-19",32.6
"1981-03-20",21.3
"1981-03-21",19.5
"1981-03-22",19.9
"1981-03-23",21.0
"1981-03-24",25.4
"1981-03-25",17.5
"1981-03-26",20.4
"1981-03-27",26.8
"1981-03-28",25.8
"1981-03-29",20.9
"1981-03-30",19.4
"1981-03-31",25.8
"1981-04-01",26.3
"1981-04-02",29.6
"1981-04-03",30.3
"1981-04-04",23.6
"1981-04-05",28.4
"1981-04-06",20.7
"1981-04-07",24.1
"1981-04-08",27.3
"1981-04-09",23.2
"1981-04-10",18.3
"1981-04-11",24.6
"1981-04-12",27.4
"1981-04-13",20.4
"1981-04-14",18.1
"1981-04-15",25.2
"1981-04-16",19.8
"1981-04-17",21.0
"1981-04-18",23.7
"1981-04-19",19.6
"1981-04-20",18.1
"1981-04-21",20.8
"1981-04-22",26.0
"1981-04-23",18.4
"1981-04-24",22.0
"1981-04-25",14.4
"1981-04-26",19.9
"1981-04-27",22.6
"1981-04-28",13.7
"1981-04-29",15.9
"1981-04-30",21.2
"1981-05-01",23.7
"1981-05-02",24.0
"1981-05-03",17.2
"1981-05-04",23.2
"1981-05-05",25.2
"1981-05-06",17.2
"1981-05-07",16.0
"1981-05-08",15.6
"1981-05-09",13.4
"1981-05-10",16.0
"1981-05-11",16.8
"1981-05-12",14.6
"1981-05-13",19.4
"1981-05-14",21.0
"1981-05-15",19.5
"1981-05-16",18.5
"1981-05-17",13.3
"1981-05-18",13.7
"1981-05-19",14.3
"1981-05-20",14.1
"1981-05-21",11.4
"1981-05-22",13.6
"1981-05-23",16.6
"1981-05-24",17.6
"1981-05-25",14.6
"1981-05-26",17.2
"1981-05-27",14.4
"1981-05-28",16.4
"1981-05-29",17.3
"1981-05-30",17.6
"1981-05-31",17.2
"1981-06-01",17.7
"1981-06-02",14.2
"1981-06-03",16.6
"1981-06-04",15.7
"1981-06-05",13.7
"1981-06-06",14.7
"1981-06-07",13.1
"1981-06-08",12.9
"1981-06-09",15.4
"1981-06-10",11.9
"1981-06-11",15.2
"1981-06-12",15.3
"1981-06-13",16.5
"1981-06-14",16.1
"1981-06-15",11.7
"1981-06-16",11.2
"1981-06-17",11.5
"1981-06-18",10.8
"1981-06-19",16.1
"1981-06-20",14.8
"1981-06-21",13.6
"1981-06-22",13.8
"1981-06-23",9.7
"1981-06-24",10.7
"1981-06-25",11.0
"1981-06-26",15.3
"1981-06-27",15.3
"1981-06-28",17.0
"1981-06-29",16.0
"1981-06-30",16.3
"1981-07-01",15.7
"1981-07-02",14.5
"1981-07-03",10.8
"1981-07-04",10.5
"1981-07-05",13.4
"1981-07-06",12.2
"1981-07-07",13.2
"1981-07-08",13.0
"1981-07-09",12.4
"1981-07-10",13.1
"1981-07-11",9.8
"1981-07-12",10.5
"1981-07-13",13.4
"1981-07-14",11.0
"1981-07-15",13.1
"1981-07-16",15.0
"1981-07-17",16.7
"1981-07-18",16.1
"1981-07-19",18.2
"1981-07-20",15.7
"1981-07-21",17.7
"1981-07-22",15.9
"1981-07-23",15.1
"1981-07-24",15.2
"1981-07-25",14.7
"1981-07-26",13.3
"1981-07-27",14.5
"1981-07-28",11.1
"1981-07-29",13.1
"1981-07-30",13.7
"1981-07-31",14.6
"1981-08-01",12.9
"1981-08-02",12.8
"1981-08-03",15.2
"1981-08-04",14.5
"1981-08-05",17.2
"1981-08-06",14.5
"1981-08-07",14.4
"1981-08-08",11.0
"1981-08-09",13.1
"1981-08-10",13.6
"1981-08-11",14.6
"1981-08-12",12.7
"1981-08-13",13.6
"1981-08-14",12.7
"1981-08-15",15.5
"1981-08-16",17.4
"1981-08-17",15.2
"1981-08-18",14.2
"1981-08-19",17.7
"1981-08-20",19.2
"1981-08-21",12.5
"1981-08-22",14.2
"1981-08-23",15.3
"1981-08-24",15.7
"1981-08-25",17.0
"1981-08-26",19.0
"1981-08-27",13.1
"1981-08-28",13.2
"1981-08-29",13.2
"1981-08-30",15.7
"1981-08-31",14.1
"1981-09-01",15.6
"1981-09-02",15.5
"1981-09-03",15.9
"1981-09-04",15.1
"1981-09-05",16.0
"1981-09-06",19.4
"1981-09-07",21.5
"1981-09-08",23.7
"1981-09-09",18.7
"1981-09-10",23.8
"1981-09-11",18.0
"1981-09-12",16.2
"1981-09-13",18.5
"1981-09-14",20.6
"1981-09-15",18.3
"1981-09-16",22.5
"1981-09-17",26.9
"1981-09-18",19.4
"1981-09-19",15.9
"1981-09-20",20.5
"1981-09-21",21.2
"1981-09-22",19.5
"1981-09-23",14.7
"1981-09-24",17.6
"1981-09-25",15.8
"1981-09-26",17.7
"1981-09-27",14.3
"1981-09-28",16.8
"1981-09-29",18.6
"1981-09-30",21.9
"1981-10-01",21.4
"1981-10-02",20.8
"1981-10-03",14.0
"1981-10-04",17.0
"1981-10-05",23.0
"1981-10-06",26.4
"1981-10-07",19.6
"1981-10-08",22.7
"1981-10-09",26.9
"1981-10-10",14.7
"1981-10-11",15.2
"1981-10-12",19.8
"1981-10-13",26.9
"1981-10-14",20.2
"1981-10-15",14.3
"1981-10-16",14.8
"1981-10-17",18.5
"1981-10-18",21.7
"1981-10-19",21.4
"1981-10-20",21.8
"1981-10-21",18.2
"1981-10-22",15.8
"1981-10-23",15.3
"1981-10-24",18.5
"1981-10-25",19.2
"1981-10-26",28.5
"1981-10-27",32.2
"1981-10-28",21.8
"1981-10-29",22.1
"1981-10-30",20.7
"1981-10-31",17.0
"1981-11-01",24.7
"1981-11-02",26.2
"1981-11-03",29.0
"1981-11-04",21.6
"1981-11-05",17.1
"1981-11-06",16.9
"1981-11-07",19.1
"1981-11-08",24.7
"1981-11-09",25.4
"1981-11-10",19.8
"1981-11-11",18.2
"1981-11-12",16.3
"1981-11-13",17.0
"1981-11-14",17.7
"1981-11-15",15.5
"1981-11-16",14.7
"1981-11-17",15.8
"1981-11-18",19.9
"1981-11-19",20.4
"1981-11-20",23.3
"1981-11-21",20.2
"1981-11-22",28.8
"1981-11-23",31.2
"1981-11-24",17.4
"1981-11-25",18.5
"1981-11-26",26.8
"1981-11-27",34.3
"1981-11-28",30.1
"1981-11-29",20.5
"1981-11-30",20.5
"1981-12-01",19.8
"1981-12-02",27.0
"1981-12-03",21.0
"1981-12-04",33.0
"1981-12-05",22.6
"1981-12-06",28.3
"1981-12-07",21.1
"1981-12-08",19.0
"1981-12-09",17.3
"1981-12-10",27.0
"1981-12-11",30.2
"1981-12-12",24.8
"1981-12-13",17.9
"1981-12-14",17.9
"1981-12-15",20.7
"1981-12-16",30.9
"1981-12-17",36.2
"1981-12-18",21.0
"1981-12-19",20.2
"1981-12-20",21.3
"1981-12-21",24.2
"1981-12-22",21.0
"1981-12-23",20.7
"1981-12-24",17.8
"1981-12-25",19.6
"1981-12-26",22.6
"1981-12-27",20.5
"1981-12-28",24.1
"1981-12-29",22.2
"1981-12-30",27.0
"1981-12-31",33.6
"1982-01-01",26.6
"1982-01-02",20.6
"1982-01-03",24.5
"1982-01-04",19.8
"1982-01-05",22.6
"1982-01-06",29.2
"1982-01-07",20.3
"1982-01-08",23.0
"1982-01-09",24.4
"1982-01-10",38.0
"1982-01-11",40.5
"1982-01-12",24.2
"1982-01-13",20.2
"1982-01-14",21.8
"1982-01-15",27.0
"1982-01-16",35.2
"1982-01-17",25.2
"1982-01-18",32.7
"1982-01-19",35.9
"1982-01-20",38.9
"1982-01-21",26.5
"1982-01-22",21.8
"1982-01-23",37.9
"1982-01-24",43.3
"1982-01-25",19.0
"1982-01-26",19.7
"1982-01-27",21.4
"1982-01-28",32.0
"1982-01-29",33.3
"1982-01-30",22.2
"1982-01-31",21.3
"1982-02-01",20.8
"1982-02-02",22.3
"1982-02-03",22.5
"1982-02-04",21.4
"1982-02-05",23.0
"1982-02-06",35.1
"1982-02-07",40.3
"1982-02-08",39.0
"1982-02-09",21.1
"1982-02-10",25.4
"1982-02-11",23.6
"1982-02-12",28.1
"1982-02-13",37.0
"1982-02-14",39.3
"1982-02-15",39.4
"1982-02-16",25.8
"1982-02-17",27.7
"1982-02-18",23.0
"1982-02-19",24.0
"1982-02-20",26.1
"1982-02-21",21.8
"1982-02-22",24.2
"1982-02-23",22.3
"1982-02-24",19.7
"1982-02-25",20.8
"1982-02-26",17.9
"1982-02-27",20.1
"1982-02-28",20.9
"1982-03-01",21.2
"1982-03-02",20.4
"1982-03-03",29.0
"1982-03-04",34.7
"1982-03-05",34.0
"1982-03-06",30.9
"1982-03-07",29.6
"1982-03-08",26.1
"1982-03-09",18.5
"1982-03-10",21.2
"1982-03-11",22.4
"1982-03-12",21.4
"1982-03-13",30.5
"1982-03-14",32.0
"1982-03-15",32.7
"1982-03-16",27.4
"1982-03-17",18.9
"1982-03-18",19.4
"1982-03-19",22.2
"1982-03-20",30.2
"1982-03-21",31.8
"1982-03-22",31.4
"1982-03-23",18.5
"1982-03-24",22.2
"1982-03-25",27.5
"1982-03-26",25.8
"1982-03-27",25.2
"1982-03-28",19.1
"1982-03-29",19.6
"1982-03-30",21.4
"1982-03-31",20.7
"1982-04-01",28.3
"1982-04-02",23.0
"1982-04-03",16.5
"1982-04-04",18.8
"1982-04-05",20.0
"1982-04-06",20.6
"1982-04-07",19.8
"1982-04-08",20.3
"1982-04-09",26.6
"1982-04-10",21.5
"1982-04-11",22.3
"1982-04-12",26.5
"1982-04-13",27.1
"1982-04-14",30.0
"1982-04-15",28.2
"1982-04-16",17.3
"1982-04-17",16.8
"1982-04-18",17.5
"1982-04-19",19.2
"1982-04-20",20.3
"1982-04-21",20.6
"1982-04-22",23.7
"1982-04-23",24.3
"1982-04-24",26.4
"1982-04-25",16.0
"1982-04-26",14.5
"1982-04-27",14.2
"1982-04-28",16.5
"1982-04-29",15.7
"1982-04-30",16.0
"1982-05-01",16.7
"1982-05-02",19.8
"1982-05-03",22.5
"1982-05-04",22.9
"1982-05-05",18.8
"1982-05-06",15.7
"1982-05-07",14.7
"1982-05-08",15.3
"1982-05-09",15.3
"1982-05-10",18.0
"1982-05-11",15.1
"1982-05-12",15.1
"1982-05-13",13.6
"1982-05-14",15.3
"1982-05-15",18.0
"1982-05-16",18.6
"1982-05-17",22.0
"1982-05-18",22.1
"1982-05-19",17.8
"1982-05-20",15.2
"1982-05-21",11.3
"1982-05-22",13.5
"1982-05-23",16.1
"1982-05-24",16.0
"1982-05-25",16.5
"1982-05-26",16.7
"1982-05-27",19.6
"1982-05-28",19.5
"1982-05-29",18.0
"1982-05-30",18.4
"1982-05-31",12.9
"1982-06-01",14.9
"1982-06-02",12.4
"1982-06-03",11.9
"1982-06-04",11.7
"1982-06-05",12.9
"1982-06-06",12.9
"1982-06-07",12.4
"1982-06-08",12.5
"1982-06-09",15.7
"1982-06-10",15.9
"1982-06-11",14.3
"1982-06-12",16.9
"1982-06-13",14.0
"1982-06-14",13.6
"1982-06-15",13.7
"1982-06-16",16.0
"1982-06-17",13.1
"1982-06-18",13.8
"1982-06-19",13.4
"1982-06-20",11.3
"1982-06-21",10.6
"1982-06-22",13.9
"1982-06-23",12.7
"1982-06-24",12.5
"1982-06-25",11.3
"1982-06-26",11.6
"1982-06-27",14.0
"1982-06-28",13.7
"1982-06-29",15.2
"1982-06-30",14.0
"1982-07-01",11.4
"1982-07-02",14.2
"1982-07-03",15.2
"1982-07-04",12.6
"1982-07-05",10.2
"1982-07-06",13.9
"1982-07-07",13.7
"1982-07-08",13.6
"1982-07-09",13.2
"1982-07-10",15.4
"1982-07-11",12.9
"1982-07-12",11.9
"1982-07-13",13.3
"1982-07-14",13.3
"1982-07-15",10.5
"1982-07-16",10.0
"1982-07-17",11.0
"1982-07-18",8.3
"1982-07-19",10.7
"1982-07-20",11.2
"1982-07-21",11.7
"1982-07-22",14.2
"1982-07-23",14.5
"1982-07-24",16.0
"1982-07-25",16.7
"1982-07-26",14.4
"1982-07-27",17.0
"1982-07-28",14.6
"1982-07-29",11.6
"1982-07-30",12.8
"1982-07-31",14.0
"1982-08-01",17.1
"1982-08-02",15.4
"1982-08-03",15.5
"1982-08-04",15.1
"1982-08-05",16.9
"1982-08-06",14.2
"1982-08-07",15.9
"1982-08-08",18.2
"1982-08-09",19.5
"1982-08-10",19.5
"1982-08-11",19.8
"1982-08-12",15.6
"1982-08-13",14.1
"1982-08-14",17.0
"1982-08-15",14.3
"1982-08-16",13.1
"1982-08-17",13.7
"1982-08-18",18.2
"1982-08-19",19.8
"1982-08-20",22.3
"1982-08-21",17.8
"1982-08-22",15.0
"1982-08-23",22.6
"1982-08-24",23.7
"1982-08-25",15.8
"1982-08-26",15.0
"1982-08-27",23.5
"1982-08-28",25.7
"1982-08-29",26.5
"1982-08-30",15.1
"1982-08-31",13.9
"1982-09-01",20.5
"1982-09-02",21.4
"1982-09-03",14.9
"1982-09-04",15.0
"1982-09-05",18.9
"1982-09-06",11.7
"1982-09-07",15.5
"1982-09-08",17.7
"1982-09-09",11.0
"1982-09-10",14.9
"1982-09-11",13.1
"1982-09-12",13.7
"1982-09-13",15.4
"1982-09-14",15.6
"1982-09-15",23.9
"1982-09-16",23.7
"1982-09-17",24.3
"1982-09-18",15.9
"1982-09-19",13.5
"1982-09-20",15.3
"1982-09-21",19.3
"1982-09-22",20.5
"1982-09-23",22.5
"1982-09-24",23.2
"1982-09-25",16.3
"1982-09-26",14.8
"1982-09-27",13.7
"1982-09-28",18.4
"1982-09-29",12.3
"1982-09-30",13.3
"1982-10-01",16.2
"1982-10-02",25.6
"1982-10-03",24.1
"1982-10-04",13.8
"1982-10-05",15.9
"1982-10-06",21.2
"1982-10-07",21.7
"1982-10-08",15.6
"1982-10-09",13.5
"1982-10-10",15.0
"1982-10-11",21.2
"1982-10-12",25.4
"1982-10-13",19.0
"1982-10-14",15.0
"1982-10-15",16.4
"1982-10-16",15.6
"1982-10-17",13.7
"1982-10-18",22.0
"1982-10-19",17.4
"1982-10-20",15.1
"1982-10-21",14.6
"1982-10-22",16.9
"1982-10-23",15.9
"1982-10-24",21.3
"1982-10-25",29.7
"1982-10-26",33.0
"1982-10-27",22.7
"1982-10-28",21.6
"1982-10-29",30.3
"1982-10-30",19.0
"1982-10-31",14.6
"1982-11-01",15.9
"1982-11-02",20.4
"1982-11-03",29.3
"1982-11-04",33.7
"1982-11-05",35.2
"1982-11-06",38.1
"1982-11-07",24.5
"1982-11-08",26.3
"1982-11-09",25.0
"1982-11-10",17.9
"1982-11-11",18.1
"1982-11-12",23.3
"1982-11-13",31.2
"1982-11-14",32.8
"1982-11-15",28.0
"1982-11-16",19.7
"1982-11-17",22.1
"1982-11-18",16.3
"1982-11-19",20.1
"1982-11-20",21.7
"1982-11-21",19.6
"1982-11-22",30.8
"1982-11-23",36.8
"1982-11-24",38.1
"1982-11-25",17.6
"1982-11-26",21.2
"1982-11-27",17.2
"1982-11-28",20.7
"1982-11-29",26.1
"1982-11-30",34.5
"1982-12-01",18.6
"1982-12-02",20.1
"1982-12-03",22.4
"1982-12-04",19.1
"1982-12-05",19.2
"1982-12-06",28.0
"1982-12-07",17.9
"1982-12-08",18.1
"1982-12-09",16.0
"1982-12-10",18.5
"1982-12-11",20.6
"1982-12-12",33.0
"1982-12-13",35.2
"1982-12-14",24.0
"1982-12-15",26.0
"1982-12-16",28.0
"1982-12-17",23.0
"1982-12-18",19.0
"1982-12-19",19.1
"1982-12-20",18.0
"1982-12-21",19.4
"1982-12-22",32.5
"1982-12-23",32.6
"1982-12-24",18.1
"1982-12-25",19.7
"1982-12-26",28.0
"1982-12-27",28.0
"1982-12-28",23.8
"1982-12-29",31.4
"1982-12-30",22.0
"1982-12-31",35.8
"1983-01-01",23.0
"1983-01-02",18.9
"1983-01-03",25.4
"1983-01-04",28.0
"1983-01-05",19.2
"1983-01-06",21.5
"1983-01-07",28.8
"1983-01-08",37.3
"1983-01-09",24.6
"1983-01-10",21.3
"1983-01-11",17.9
"1983-01-12",17.5
"1983-01-13",18.7
"1983-01-14",18.1
"1983-01-15",19.7
"1983-01-16",22.1
"1983-01-17",19.6
"1983-01-18",18.0
"1983-01-19",19.9
"1983-01-20",28.5
"1983-01-21",23.0
"1983-01-22",37.0
"1983-01-23",19.0
"1983-01-24",19.4
"1983-01-25",35.0
"1983-01-26",27.7
"1983-01-27",23.9
"1983-01-28",25.6
"1983-01-29",27.7
"1983-01-30",24.3
"1983-01-31",38.6
"1983-02-01",41.2
"1983-02-02",22.0
"1983-02-03",22.5
"1983-02-04",22.3
"1983-02-05",25.5
"1983-02-06",36.6
"1983-02-07",35.7
"1983-02-08",43.2
"1983-02-09",28.0
"1983-02-10",25.5
"1983-02-11",21.6
"1983-02-12",21.8
"1983-02-13",23.3
"1983-02-14",34.3
"1983-02-15",31.2
"1983-02-16",43.0
"1983-02-17",20.2
"1983-02-18",20.3
"1983-02-19",22.2
"1983-02-20",24.0
"1983-02-21",34.4
"1983-02-22",32.9
"1983-02-23",21.6
"1983-02-24",26.5
"1983-02-25",33.2
"1983-02-26",38.6
"1983-02-27",24.4
"1983-02-28",28.3
"1983-03-01",35.2
"1983-03-02",28.7
"1983-03-03",35.6
"1983-03-04",37.2
"1983-03-05",25.5
"1983-03-06",31.5
"1983-03-07",30.2
"1983-03-08",29.0
"1983-03-09",21.4
"1983-03-10",28.5
"1983-03-11",32.1
"1983-03-12",23.5
"1983-03-13",20.0
"1983-03-14",21.0
"1983-03-15",20.0
"1983-03-16",21.8
"1983-03-17",24.3
"1983-03-18",30.9
"1983-03-19",21.6
"1983-03-20",22.2
"1983-03-21",20.2
"1983-03-22",20.5
"1983-03-23",17.6
"1983-03-24",18.6
"1983-03-25",17.7
"1983-03-26",18.0
"1983-03-27",18.6
"1983-03-28",18.6
"1983-03-29",25.9
"1983-03-30",19.8
"1983-03-31",18.7
"1983-04-01",17.9
"1983-04-02",17.3
"1983-04-03",18.1
"1983-04-04",14.6
"1983-04-05",14.1
"1983-04-06",15.7
"1983-04-07",16.0
"1983-04-08",21.6
"1983-04-09",21.4
"1983-04-10",23.8
"1983-04-11",21.7
"1983-04-12",16.6
"1983-04-13",16.7
"1983-04-14",18.1
"1983-04-15",14.5
"1983-04-16",14.7
"1983-04-17",16.4
"1983-04-18",16.5
"1983-04-19",22.7
"1983-04-20",23.8
"1983-04-21",24.6
"1983-04-22",23.6
"1983-04-23",19.8
"1983-04-24",19.8
"1983-04-25",18.0
"1983-04-26",17.6
"1983-04-27",19.0
"1983-04-28",17.5
"1983-04-29",17.0
"1983-04-30",19.9
"1983-05-01",18.5
"1983-05-02",18.7
"1983-05-03",17.8
"1983-05-04",17.0
"1983-05-05",17.6
"1983-05-06",18.7
"1983-05-07",17.0
"1983-05-08",18.8
"1983-05-09",17.5
"1983-05-10",19.5
"1983-05-11",16.6
"1983-05-12",19.1
"1983-05-13",21.2
"1983-05-14",20.2
"1983-05-15",17.9
"1983-05-16",14.3
"1983-05-17",16.0
"1983-05-18",17.7
"1983-05-19",18.6
"1983-05-20",19.1
"1983-05-21",13.7
"1983-05-22",17.5
"1983-05-23",16.1
"1983-05-24",15.2
"1983-05-25",17.3
"1983-05-26",14.9
"1983-05-27",18.4
"1983-05-28",17.2
"1983-05-29",12.2
"1983-05-30",13.9
"1983-05-31",14.0
"1983-06-01",15.3
"1983-06-02",15.0
"1983-06-03",15.1
"1983-06-04",16.6
"1983-06-05",16.5
"1983-06-06",16.1
"1983-06-07",13.5
"1983-06-08",13.0
"1983-06-09",13.6
"1983-06-10",11.8
"1983-06-11",14.5
"1983-06-12",14.0
"1983-06-13",14.1
"1983-06-14",13.5
"1983-06-15",12.1
"1983-06-16",11.9
"1983-06-17",11.9
"1983-06-18",14.2
"1983-06-19",14.0
"1983-06-20",17.9
"1983-06-21",19.1
"1983-06-22",15.1
"1983-06-23",13.8
"1983-06-24",13.7
"1983-06-25",10.0
"1983-06-26",10.3
"1983-06-27",10.4
"1983-06-28",12.0
"1983-06-29",8.5
"1983-06-30",14.4
"1983-07-01",13.1
"1983-07-02",14.0
"1983-07-03",11.8
"1983-07-04",13.9
"1983-07-05",12.9
"1983-07-06",11.0
"1983-07-07",11.8
"1983-07-08",10.7
"1983-07-09",11.2
"1983-07-10",10.3
"1983-07-11",12.2
"1983-07-12",12.4
"1983-07-13",14.7
"1983-07-14",15.1
"1983-07-15",15.0
"1983-07-16",14.0
"1983-07-17",15.2
"1983-07-18",14.2
"1983-07-19",8.7
"1983-07-20",11.0
"1983-07-21",14.2
"1983-07-22",15.2
"1983-07-23",12.2
"1983-07-24",13.0
"1983-07-25",14.7
"1983-07-26",17.2
"1983-07-27",13.7
"1983-07-28",14.8
"1983-07-29",13.8
"1983-07-30",13.7
"1983-07-31",13.1
"1983-08-01",12.7
"1983-08-02",12.3
"1983-08-03",12.4
"1983-08-04",13.0
"1983-08-05",13.5
"1983-08-06",13.5
"1983-08-07",14.7
"1983-08-08",13.4
"1983-08-09",15.9
"1983-08-10",16.0
"1983-08-11",15.3
"1983-08-12",15.5
"1983-08-13",18.2
"1983-08-14",18.6
"1983-08-15",18.5
"1983-08-16",19.2
"1983-08-17",14.2
"1983-08-18",12.8
"1983-08-19",13.1
"1983-08-20",15.4
"1983-08-21",17.3
"1983-08-22",14.5
"1983-08-23",19.5
"1983-08-24",20.2
"1983-08-25",16.3
"1983-08-26",13.0
"1983-08-27",13.3
"1983-08-28",13.3
"1983-08-29",19.0
"1983-08-30",16.8
"1983-08-31",19.2
"1983-09-01",18.5
"1983-09-02",19.0
"1983-09-03",17.4
"1983-09-04",15.3
"1983-09-05",15.8
"1983-09-06",18.7
"1983-09-07",17.8
"1983-09-08",16.5
"1983-09-09",15.3
"1983-09-10",13.2
"1983-09-11",12.0
"1983-09-12",14.0
"1983-09-13",9.5
"1983-09-14",13.0
"1983-09-15",17.6
"1983-09-16",19.6
"1983-09-17",17.2
"1983-09-18",17.3
"1983-09-19",17.0
"1983-09-20",16.3
"1983-09-21",17.3
"1983-09-22",20.3
"1983-09-23",16.9
"1983-09-24",13.5
"1983-09-25",13.3
"1983-09-26",20.7
"1983-09-27",19.8
"1983-09-28",20.8
"1983-09-29",19.8
"1983-09-30",19.5
"1983-10-01",23.4
"1983-10-02",14.2
"1983-10-03",14.2
"1983-10-04",16.6
"1983-10-05",17.0
"1983-10-06",15.6
"1983-10-07",14.8
"1983-10-08",17.2
"1983-10-09",20.2
"1983-10-10",16.7
"1983-10-11",18.2
"1983-10-12",18.1
"1983-10-13",22.5
"1983-10-14",23.4
"1983-10-15",15.3
"1983-10-16",13.7
"1983-10-17",15.6
"1983-10-18",18.9
"1983-10-19",15.1
"1983-10-20",16.6
"1983-10-21",17.7
"1983-10-22",23.0
"1983-10-23",16.8
"1983-10-24",21.3
"1983-10-25",17.9
"1983-10-26",23.6
"1983-10-27",25.3
"1983-10-28",14.5
"1983-10-29",16.9
"1983-10-30",16.3
"1983-10-31",17.7
"1983-11-01",18.0
"1983-11-02",21.7
"1983-11-03",22.3
"1983-11-04",15.5
"1983-11-05",16.7
"1983-11-06",24.3
"1983-11-07",23.5
"1983-11-08",27.7
"1983-11-09",18.0
"1983-11-10",15.6
"1983-11-11",19.0
"1983-11-12",19.5
"1983-11-13",20.1
"1983-11-14",31.3
"1983-11-15",15.6
"1983-11-16",12.8
"1983-11-17",13.8
"1983-11-18",15.8
"1983-11-19",16.4
"1983-11-20",17.6
"1983-11-21",28.2
"1983-11-22",25.5
"1983-11-23",22.7
"1983-11-24",28.0
"1983-11-25",17.0
"1983-11-26",22.6
"1983-11-27",24.5
"1983-11-28",25.6
"1983-11-29",27.5
"1983-11-30",18.5
"1983-12-01",18.2
"1983-12-02",18.8
"1983-12-03",17.8
"1983-12-04",18.9
"1983-12-05",24.0
"1983-12-06",20.9
"1983-12-07",16.8
"1983-12-08",18.5
"1983-12-09",20.6
"1983-12-10",24.9
"1983-12-11",28.1
"1983-12-12",25.7
"1983-12-13",19.2
"1983-12-14",32.7
"1983-12-15",21.3
"1983-12-16",20.4
"1983-12-17",20.5
"1983-12-18",22.8
"1983-12-19",35.3
"1983-12-20",38.7
"1983-12-21",21.4
"1983-12-22",23.3
"1983-12-23",22.0
"1983-12-24",31.7
"1983-12-25",23.4
"1983-12-26",19.1
"1983-12-27",19.5
"1983-12-28",30.0
"1983-12-29",32.4
"1983-12-30",33.6
"1983-12-31",30.0
"1984-01-01",27.7
"1984-01-02",28.1
"1984-01-03",23.7
"1984-01-04",20.6
"1984-01-05",32.3
"1984-01-06",31.2
"1984-01-07",21.5
"1984-01-08",23.0
"1984-01-09",21.9
"1984-01-10",23.0
"1984-01-11",21.6
"1984-01-12",27.2
"1984-01-13",29.2
"1984-01-14",32.0
"1984-01-15",22.5
"1984-01-16",23.9
"1984-01-17",19.7
"1984-01-18",19.5
"1984-01-19",22.0
"1984-01-20",22.1
"1984-01-21",19.7
"1984-01-22",19.4
"1984-01-23",30.5
"1984-01-24",28.5
"1984-01-25",20.2
"1984-01-26",19.0
"1984-01-27",20.2
"1984-01-28",22.6
"1984-01-29",28.4
"1984-01-30",18.6
"1984-01-31",20.3
"1984-02-01",19.0
"1984-02-02",26.2
"1984-02-03",30.0
"1984-02-04",24.2
"1984-02-05",23.4
"1984-02-06",34.7
"1984-02-07",20.4
"1984-02-08",20.7
"1984-02-09",20.0
"1984-02-10",19.5
"1984-02-11",31.6
"1984-02-12",33.7
"1984-02-13",23.5
"1984-02-14",24.6
"1984-02-15",33.9
"1984-02-16",22.4
"1984-02-17",24.3
"1984-02-18",29.5
"1984-02-19",31.7
"1984-02-20",32.9
"1984-02-21",20.5
"1984-02-22",28.5
"1984-02-23",27.3
"1984-02-24",19.5
"1984-02-25",21.4
"1984-02-26",33.2
"1984-02-27",35.0
"1984-02-28",18.1
"1984-02-29",17.2
"1984-03-01",18.1
"1984-03-02",19.5
"1984-03-03",21.5
"1984-03-04",29.2
"1984-03-05",33.8
"1984-03-06",20.8
"1984-03-07",17.5
"1984-03-08",21.0
"1984-03-09",27.4
"1984-03-10",21.2
"1984-03-11",27.1
"1984-03-12",22.8
"1984-03-13",18.7
"1984-03-14",19.0
"1984-03-15",19.7
"1984-03-16",28.7
"1984-03-17",25.5
"1984-03-18",18.4
"1984-03-19",18.5
"1984-03-20",23.6
"1984-03-21",26.9
"1984-03-22",28.0
"1984-03-23",24.7
"1984-03-24",21.5
"1984-03-25",17.5
"1984-03-26",16.1
"1984-03-27",18.7
"1984-03-28",24.5
"1984-03-29",27.6
"1984-03-30",17.4
"1984-03-31",18.2
"1984-04-01",19.7
"1984-04-02",18.5
"1984-04-03",17.7
"1984-04-04",20.7
"1984-04-05",21.2
"1984-04-06",17.2
"1984-04-07",21.5
"1984-04-08",22.0
"1984-04-09",23.2
"1984-04-10",25.4
"1984-04-11",24.6
"1984-04-12",24.8
"1984-04-13",25.0
"1984-04-14",25.0
"1984-04-15",18.2
"1984-04-16",21.5
"1984-04-17",16.2
"1984-04-18",17.3
"1984-04-19",15.5
"1984-04-20",16.4
"1984-04-21",19.6
"1984-04-22",18.5
"1984-04-23",16.5
"1984-04-24",16.0
"1984-04-25",17.7
"1984-04-26",19.2
"1984-04-27",16.8
"1984-04-28",16.5
"1984-04-29",22.5
"1984-04-30",22.7
"1984-05-01",23.5
"1984-05-02",19.0
"1984-05-03",15.5
"1984-05-04",13.5
"1984-05-05",14.0
"1984-05-06",14.7
"1984-05-07",15.6
"1984-05-08",17.0
"1984-05-09",18.0
"1984-05-10",19.6
"1984-05-11",17.1
"1984-05-12",16.7
"1984-05-13",16.9
"1984-05-14",18.2
"1984-05-15",19.4
"1984-05-16",22.0
"1984-05-17",21.7
"1984-05-18",22.0
"1984-05-19",22.2
"1984-05-20",20.0
"1984-05-21",16.5
"1984-05-22",15.6
"1984-05-23",15.0
"1984-05-24",16.6
"1984-05-25",18.7
"1984-05-26",18.7
"1984-05-27",18.1
"1984-05-28",15.6
"1984-05-29",20.1
"1984-05-30",20.3
"1984-05-31",15.2
"1984-06-01",17.1
"1984-06-02",16.3
"1984-06-03",18.3
"1984-06-04",18.3
"1984-06-05",19.0
"1984-06-06",20.0
"1984-06-07",15.7
"1984-06-08",14.9
"1984-06-09",13.1
"1984-06-10",13.6
"1984-06-11",13.8
"1984-06-12",15.0
"1984-06-13",16.9
"1984-06-14",18.3
"1984-06-15",16.4
"1984-06-16",14.0
"1984-06-17",12.5
"1984-06-18",12.8
"1984-06-19",12.2
"1984-06-20",14.2
"1984-06-21",14.2
"1984-06-22",15.5
"1984-06-23",15.1
"1984-06-24",14.4
"1984-06-25",12.9
"1984-06-26",10.8
"1984-06-27",11.7
"1984-06-28",13.3
"1984-06-29",12.4
"1984-06-30",13.4
"1984-07-01",10.6
"1984-07-02",7.0
"1984-07-03",12.6
"1984-07-04",13.2
"1984-07-05",12.1
"1984-07-06",10.3
"1984-07-07",15.7
"1984-07-08",11.7
"1984-07-09",15.1
"1984-07-10",15.8
"1984-07-11",15.0
"1984-07-12",11.6
"1984-07-13",11.4
"1984-07-14",10.0
"1984-07-15",14.7
"1984-07-16",13.6
"1984-07-17",13.2
"1984-07-18",11.0
"1984-07-19",13.0
"1984-07-20",12.0
"1984-07-21",10.6
"1984-07-22",13.3
"1984-07-23",14.5
"1984-07-24",13.5
"1984-07-25",15.9
"1984-07-26",12.8
"1984-07-27",11.7
"1984-07-28",13.0
"1984-07-29",14.0
"1984-07-30",16.0
"1984-07-31",17.0
"1984-08-01",16.3
"1984-08-02",17.6
"1984-08-03",19.5
"1984-08-04",14.0
"1984-08-05",17.5
"1984-08-06",19.2
"1984-08-07",18.5
"1984-08-08",15.1
"1984-08-09",15.4
"1984-08-10",13.3
"1984-08-11",13.1
"1984-08-12",12.8
"1984-08-13",12.0
"1984-08-14",13.3
"1984-08-15",12.9
"1984-08-16",15.4
"1984-08-17",13.4
"1984-08-18",15.1
"1984-08-19",14.7
"1984-08-20",14.9
"1984-08-21",16.8
"1984-08-22",15.8
"1984-08-23",17.0
"1984-08-24",14.1
"1984-08-25",16.5
"1984-08-26",12.4
"1984-08-27",12.7
"1984-08-28",14.6
"1984-08-29",17.6
"1984-08-30",19.6
"1984-08-31",17.3
"1984-09-01",17.9
"1984-09-02",17.8
"1984-09-03",13.0
"1984-09-04",13.2
"1984-09-05",17.1
"1984-09-06",19.6
"1984-09-07",16.3
"1984-09-08",16.9
"1984-09-09",22.2
"1984-09-10",12.0
"1984-09-11",14.2
"1984-09-12",16.8
"1984-09-13",16.9
"1984-09-14",22.0
"1984-09-15",16.4
"1984-09-16",14.2
"1984-09-17",11.8
"1984-09-18",15.2
"1984-09-19",12.6
"1984-09-20",13.2
"1984-09-21",14.4
"1984-09-22",15.0
"1984-09-23",16.5
"1984-09-24",13.3
"1984-09-25",14.5
"1984-09-26",16.7
"1984-09-27",13.8
"1984-09-28",12.4
"1984-09-29",13.7
"1984-09-30",19.9
"1984-10-01",24.0
"1984-10-02",18.7
"1984-10-03",18.9
"1984-10-04",20.2
"1984-10-05",19.9
"1984-10-06",24.0
"1984-10-07",27.3
"1984-10-08",24.2
"1984-10-09",18.0
"1984-10-10",21.3
"1984-10-11",26.6
"1984-10-12",18.5
"1984-10-13",18.2
"1984-10-14",21.0
"1984-10-15",12.0
"1984-10-16",12.2
"1984-10-17",14.1
"1984-10-18",16.5
"1984-10-19",15.5
"1984-10-20",15.0
"1984-10-21",20.8
"1984-10-22",27.3
"1984-10-23",28.4
"1984-10-24",18.9
"1984-10-25",18.2
"1984-10-26",25.5
"1984-10-27",15.9
"1984-10-28",15.5
"1984-10-29",21.4
"1984-10-30",23.2
"1984-10-31",26.8
"1984-11-01",23.9
"1984-11-02",19.1
"1984-11-03",15.2
"1984-11-04",14.9
"1984-11-05",21.3
"1984-11-06",25.4
"1984-11-07",28.7
"1984-11-08",32.3
"1984-11-09",25.7
"1984-11-10",19.0
"1984-11-11",19.4
"1984-11-12",15.0
"1984-11-13",16.5
"1984-11-14",16.3
"1984-11-15",28.9
"1984-11-16",27.4
"1984-11-17",32.9
"1984-11-18",27.0
"1984-11-19",23.7
"1984-11-20",22.8
"1984-11-21",16.5
"1984-11-22",14.0
"1984-11-23",18.0
"1984-11-24",28.2
"1984-11-25",32.8
"1984-11-26",28.0
"1984-11-27",22.2
"1984-11-28",21.8
"1984-11-29",18.7
"1984-11-30",25.5
"1984-12-01",27.6
"1984-12-02",16.5
"1984-12-03",15.9
"1984-12-04",16.8
"1984-12-05",17.9
"1984-12-06",23.1
"1984-12-07",22.8
"1984-12-08",24.2
"1984-12-09",27.7
"1984-12-10",21.3
"1984-12-11",23.5
"1984-12-12",17.9
"1984-12-13",24.2
"1984-12-14",20.0
"1984-12-15",23.7
"1984-12-16",27.0
"1984-12-17",24.6
"1984-12-18",25.0
"1984-12-19",20.0
"1984-12-20",22.7
"1984-12-21",22.6
"1984-12-22",29.2
"1984-12-23",27.8
"1984-12-24",26.5
"1984-12-25",18.9
"1984-12-26",23.2
"1984-12-27",24.2
"1984-12-28",28.1
"1984-12-29",30.3
"1984-12-30",25.6
"1985-01-01",20.7
"1985-01-02",19.6
"1985-01-03",21.7
"1985-01-04",28.0
"1985-01-05",21.3
"1985-01-06",21.4
"1985-01-07",21.4
"1985-01-08",22.6
"1985-01-09",21.7
"1985-01-10",21.8
"1985-01-11",19.8
"1985-01-12",30.4
"1985-01-13",36.0
"1985-01-14",42.2
"1985-01-15",21.1
"1985-01-16",20.0
"1985-01-17",18.4
"1985-01-18",19.1
"1985-01-19",19.3
"1985-01-20",18.8
"1985-01-21",22.8
"1985-01-22",20.0
"1985-01-23",21.9
"1985-01-24",20.1
"1985-01-25",23.2
"1985-01-26",34.5
"1985-01-27",22.1
"1985-01-28",21.6
"1985-01-29",30.0
"1985-01-30",34.0
"1985-01-31",22.2
"1985-02-01",19.6
"1985-02-02",25.4
"1985-02-03",37.1
"1985-02-04",30.2
"1985-02-05",29.1
"1985-02-06",21.1
"1985-02-07",19.1
"1985-02-08",22.2
"1985-02-09",24.4
"1985-02-10",20.3
"1985-02-11",28.0
"1985-02-12",32.2
"1985-02-13",23.4
"1985-02-14",21.4
"1985-02-15",33.5
"1985-02-16",18.6
"1985-02-17",19.2
"1985-02-18",21.1
"1985-02-19",29.5
"1985-02-20",25.7
"1985-02-21",32.4
"1985-02-22",28.5
"1985-02-23",20.6
"1985-02-24",25.2
"1985-02-25",20.8
"1985-02-26",17.5
"1985-02-27",20.1
"1985-02-28",22.4
"1985-03-01",24.0
"1985-03-02",21.0
"1985-03-03",26.8
"1985-03-04",17.7
"1985-03-05",19.2
"1985-03-06",19.1
"1985-03-07",26.4
"1985-03-08",29.7
"1985-03-09",30.2
"1985-03-10",33.0
"1985-03-11",33.3
"1985-03-12",33.0
"1985-03-13",36.1
"1985-03-14",34.0
"1985-03-15",34.7
"1985-03-16",20.4
"1985-03-17",19.4
"1985-03-18",21.3
"1985-03-19",26.8
"1985-03-20",28.5
"1985-03-21",25.6
"1985-03-22",28.6
"1985-03-23",32.5
"1985-03-24",18.7
"1985-03-25",23.2
"1985-03-26",23.7
"1985-03-27",27.2
"1985-03-28",23.5
"1985-03-29",19.0
"1985-03-30",22.6
"1985-03-31",30.1
"1985-04-01",23.3
"1985-04-02",19.7
"1985-04-03",22.3
"1985-04-04",21.6
"1985-04-05",23.5
"1985-04-06",22.6
"1985-04-07",24.0
"1985-04-08",22.9
"1985-04-09",22.4
"1985-04-10",28.8
"1985-04-11",30.0
"1985-04-12",32.4
"1985-04-13",33.8
"1985-04-14",26.8
"1985-04-15",18.6
"1985-04-16",17.0
"1985-04-17",15.3
"1985-04-18",15.3
"1985-04-19",16.8
"1985-04-20",16.0
"1985-04-21",16.6
"1985-04-22",17.2
"1985-04-23",21.5
"1985-04-24",19.7
"1985-04-25",19.8
"1985-04-26",21.2
"1985-04-27",23.7
"1985-04-28",23.9
"1985-04-29",25.6
"1985-04-30",24.7
"1985-05-01",20.2
"1985-05-02",23.5
"1985-05-03",22.2
"1985-05-04",24.5
"1985-05-05",25.5
"1985-05-06",18.8
"1985-05-07",18.0
"1985-05-08",14.9
"1985-05-09",18.3
"1985-05-10",19.2
"1985-05-11",18.9
"1985-05-12",19.2
"1985-05-13",21.5
"1985-05-14",18.0
"1985-05-15",13.1
"1985-05-16",14.9
"1985-05-17",15.2
"1985-05-18",13.5
"1985-05-19",15.2
"1985-05-20",14.2
"1985-05-21",14.6
"1985-05-22",16.0
"1985-05-23",15.1
"1985-05-24",15.6
"1985-05-25",17.5
"1985-05-26",18.8
"1985-05-27",20.4
"1985-05-28",20.3
"1985-05-29",19.1
"1985-05-30",14.9
"1985-05-31",14.6
"1985-06-01",13.7
"1985-06-02",13.0
"1985-06-03",13.4
"1985-06-04",12.7
"1985-06-05",14.2
"1985-06-06",13.7
"1985-06-07",12.7
"1985-06-08",14.1
"1985-06-09",12.8
"1985-06-10",17.1
"1985-06-11",14.0
"1985-06-12",14.5
"1985-06-13",15.7
"1985-06-14",14.1
"1985-06-15",13.7
"1985-06-16",13.3
"1985-06-17",13.4
"1985-06-18",11.9
"1985-06-19",13.6
"1985-06-20",13.3
"1985-06-21",12.2
"1985-06-22",10.8
"1985-06-23",13.0
"1985-06-24",14.1
"1985-06-25",14.4
"1985-06-26",13.3
"1985-06-27",15.7
"1985-06-28",15.6
"1985-06-29",19.3
"1985-06-30",16.3
"1985-07-01",19.4
"1985-07-02",17.7
"1985-07-03",16.9
"1985-07-04",14.4
"1985-07-05",14.3
"1985-07-06",13.0
"1985-07-07",12.3
"1985-07-08",12.8
"1985-07-09",12.7
"1985-07-10",10.8
"1985-07-11",14.6
"1985-07-12",13.3
"1985-07-13",12.7
"1985-07-14",12.9
"1985-07-15",15.7
"1985-07-16",11.4
"1985-07-17",12.0
"1985-07-18",12.2
"1985-07-19",11.8
"1985-07-20",13.1
"1985-07-21",15.5
"1985-07-22",11.3
"1985-07-23",12.0
"1985-07-24",12.8
"1985-07-25",11.6
"1985-07-26",12.4
"1985-07-27",12.6
"1985-07-28",17.4
"1985-07-29",13.4
"1985-07-30",11.3
"1985-07-31",12.1
"1985-08-01",12.7
"1985-08-02",12.5
"1985-08-03",13.2
"1985-08-04",17.1
"1985-08-05",15.9
"1985-08-06",15.0
"1985-08-07",13.2
"1985-08-08",12.6
"1985-08-09",11.8
"1985-08-10",12.0
"1985-08-11",14.0
"1985-08-12",13.7
"1985-08-13",16.1
"1985-08-14",19.8
"1985-08-15",15.7
"1985-08-16",13.2
"1985-08-17",13.6
"1985-08-18",13.5
"1985-08-19",11.7
"1985-08-20",11.4
"1985-08-21",15.4
"1985-08-22",17.4
"1985-08-23",15.3
"1985-08-24",16.7
"1985-08-25",16.5
"1985-08-26",15.3
"1985-08-27",18.8
"1985-08-28",15.3
"1985-08-29",15.6
"1985-08-30",18.7
"1985-08-31",17.4
"1985-09-01",12.6
"1985-09-02",12.9
"1985-09-03",13.5
"1985-09-04",13.6
"1985-09-05",13.7
"1985-09-06",15.1
"1985-09-07",14.3
"1985-09-08",21.3
"1985-09-09",21.5
"1985-09-10",23.2
"1985-09-11",15.3
"1985-09-12",19.1
"1985-09-13",15.3
"1985-09-14",14.8
"1985-09-15",15.6
"1985-09-16",14.6
"1985-09-17",14.7
"1985-09-18",13.7
"1985-09-19",13.6
"1985-09-20",13.5
"1985-09-21",14.6
"1985-09-22",15.6
"1985-09-23",20.7
"1985-09-24",25.1
"1985-09-25",19.7
"1985-09-26",12.5
"1985-09-27",14.1
"1985-09-28",13.3
"1985-09-29",14.7
"1985-09-30",20.5
"1985-10-01",21.8
"1985-10-02",16.2
"1985-10-03",25.8
"1985-10-04",26.6
"1985-10-05",19.4
"1985-10-06",21.1
"1985-10-07",20.2
"1985-10-08",20.9
"1985-10-09",18.1
"1985-10-10",26.3
"1985-10-11",19.2
"1985-10-12",16.1
"1985-10-13",17.9
"1985-10-14",21.1
"1985-10-15",25.7
"1985-10-16",23.7
"1985-10-17",19.7
"1985-10-18",16.8
"1985-10-19",14.3
"1985-10-20",14.2
"1985-10-21",20.5
"1985-10-22",22.2
"1985-10-23",15.4
"1985-10-24",17.2
"1985-10-25",18.0
"1985-10-26",20.5
"1985-10-27",23.8
"1985-10-28",24.1
"1985-10-29",25.8
"1985-10-30",19.4
"1985-10-31",18.3
"1985-11-01",22.3
"1985-11-02",17.4
"1985-11-03",20.2
"1985-11-04",27.5
"1985-11-05",23.9
"1985-11-06",22.8
"1985-11-07",22.7
"1985-11-08",21.5
"1985-11-09",21.9
"1985-11-10",30.3
"1985-11-11",17.7
"1985-11-12",26.8
"1985-11-13",28.3
"1985-11-14",24.2
"1985-11-15",18.2
"1985-11-16",21.8
"1985-11-17",17.8
"1985-11-18",16.1
"1985-11-19",18.7
"1985-11-20",17.1
"1985-11-21",15.7
"1985-11-22",20.8
"1985-11-23",26.2
"1985-11-24",26.2
"1985-11-25",21.3
"1985-11-26",20.5
"1985-11-27",20.7
"1985-11-28",19.9
"1985-11-29",19.1
"1985-11-30",21.7
"1985-12-01",25.6
"1985-12-02",23.4
"1985-12-03",26.6
"1985-12-04",23.5
"1985-12-05",25.0
"1985-12-06",25.8
"1985-12-07",28.1
"1985-12-08",27.8
"1985-12-09",23.2
"1985-12-10",21.0
"1985-12-11",21.1
"1985-12-12",18.3
"1985-12-13",19.6
"1985-12-14",22.2
"1985-12-15",30.6
"1985-12-16",23.1
"1985-12-17",18.4
"1985-12-18",22.4
"1985-12-19",30.9
"1985-12-20",25.2
"1985-12-21",21.4
"1985-12-22",20.4
"1985-12-23",18.7
"1985-12-24",22.0
"1985-12-25",26.6
"1985-12-26",20.4
"1985-12-27",18.5
"1985-12-28",22.5
"1985-12-29",32.7
"1985-12-30",27.8
"1985-12-31",19.0
"1986-01-01",21.0
"1986-01-02",18.5
"1986-01-03",22.2
"1986-01-04",23.3
"1986-01-05",19.8
"1986-01-06",24.7
"1986-01-07",32.4
"1986-01-08",20.0
"1986-01-09",18.2
"1986-01-10",20.4
"1986-01-11",25.5
"1986-01-12",24.4
"1986-01-13",21.5
"1986-01-14",32.4
"1986-01-15",27.2
"1986-01-16",19.1
"1986-01-17",19.7
"1986-01-18",21.3
"1986-01-19",20.3
"1986-01-20",21.0
"1986-01-21",22.6
"1986-01-22",21.5
"1986-01-23",24.2
"1986-01-24",25.0
"1986-01-25",20.6
"1986-01-26",19.6
"1986-01-27",20.0
"1986-01-28",29.5
"1986-01-29",35.5
"1986-01-30",21.1
"1986-01-31",23.7
"1986-02-01",33.7
"1986-02-02",21.8
"1986-02-03",21.2
"1986-02-04",23.7
"1986-02-05",26.4
"1986-02-06",21.8
"1986-02-07",31.1
"1986-02-08",38.3
"1986-02-09",22.7
"1986-02-10",21.5
"1986-02-11",20.8
"1986-02-12",30.0
"1986-02-13",34.5
"1986-02-14",36.5
"1986-02-15",28.9
"1986-02-16",27.2
"1986-02-17",25.5
"1986-02-18",22.3
"1986-02-19",21.8
"1986-02-20",22.4
"1986-02-21",19.7
"1986-02-22",19.4
"1986-02-23",18.5
"1986-02-24",24.0
"1986-02-25",25.8
"1986-02-26",25.5
"1986-02-27",26.6
"1986-02-28",34.5
"1986-03-01",21.1
"1986-03-02",20.4
"1986-03-03",24.9
"1986-03-04",21.9
"1986-03-05",25.5
"1986-03-06",38.0
"1986-03-07",36.4
"1986-03-08",19.0
"1986-03-09",18.4
"1986-03-10",17.7
"1986-03-11",21.3
"1986-03-12",25.7
"1986-03-13",30.5
"1986-03-14",32.6
"1986-03-15",23.0
"1986-03-16",20.5
"1986-03-17",21.8
"1986-03-18",26.4
"1986-03-19",25.8
"1986-03-20",36.7
"1986-03-21",27.2
"1986-03-22",27.7
"1986-03-23",20.4
"1986-03-24",18.8
"1986-03-25",22.6
"1986-03-26",32.7
"1986-03-27",22.8
"1986-03-28",24.4
"1986-03-29",32.6
"1986-03-30",29.1
"1986-03-31",18.3
"1986-04-01",19.6
"1986-04-02",28.6
"1986-04-03",26.8
"1986-04-04",30.7
"1986-04-05",16.8
"1986-04-06",16.1
"1986-04-07",18.2
"1986-04-08",19.3
"1986-04-09",19.8
"1986-04-10",26.8
"1986-04-11",17.5
"1986-04-12",18.2
"1986-04-13",24.9
"1986-04-14",27.3
"1986-04-15",24.8
"1986-04-16",18.0
"1986-04-17",16.8
"1986-04-18",14.6
"1986-04-19",18.7
"1986-04-20",18.8
"1986-04-21",19.5
"1986-04-22",21.1
"1986-04-23",20.0
"1986-04-24",18.5
"1986-04-25",17.0
"1986-04-26",16.2
"1986-04-27",16.7
"1986-04-28",14.9
"1986-04-29",15.5
"1986-04-30",15.3
"1986-05-01",15.7
"1986-05-02",17.3
"1986-05-03",17.1
"1986-05-04",16.2
"1986-05-05",15.4
"1986-05-06",15.0
"1986-05-07",19.0
"1986-05-08",19.7
"1986-05-09",19.7
"1986-05-10",15.1
"1986-05-11",16.4
"1986-05-12",21.7
"1986-05-13",19.5
"1986-05-14",17.2
"1986-05-15",16.4
"1986-05-16",18.0
"1986-05-17",19.5
"1986-05-18",16.2
"1986-05-19",16.0
"1986-05-20",14.4
"1986-05-21",15.4
"1986-05-22",18.2
"1986-05-23",13.8
"1986-05-24",16.1
"1986-05-25",13.7
"1986-05-26",16.8
"1986-05-27",15.9
"1986-05-28",16.7
"1986-05-29",14.6
"1986-05-30",15.2
"1986-05-31",14.0
"1986-06-01",14.1
"1986-06-02",16.0
"1986-06-03",16.7
"1986-06-04",15.2
"1986-06-05",13.3
"1986-06-06",14.0
"1986-06-07",15.9
"1986-06-08",14.5
"1986-06-09",14.2
"1986-06-10",13.0
"1986-06-11",13.7
"1986-06-12",14.7
"1986-06-13",14.6
"1986-06-14",13.9
"1986-06-15",14.2
"1986-06-16",16.8
"1986-06-17",14.7
"1986-06-18",12.1
"1986-06-19",10.2
"1986-06-20",10.8
"1986-06-21",11.9
"1986-06-22",11.8
"1986-06-23",12.0
"1986-06-24",12.7
"1986-06-25",13.6
"1986-06-26",13.0
"1986-06-27",13.1
"1986-06-28",11.1
"1986-06-29",12.8
"1986-06-30",13.3
"1986-07-01",11.7
"1986-07-02",14.3
"1986-07-03",15.4
"1986-07-04",14.2
"1986-07-05",13.0
"1986-07-06",13.1
"1986-07-07",12.4
"1986-07-08",11.2
"1986-07-09",9.2
"1986-07-10",12.4
"1986-07-11",12.7
"1986-07-12",13.7
"1986-07-13",12.7
"1986-07-14",15.0
"1986-07-15",16.4
"1986-07-16",14.0
"1986-07-17",13.2
"1986-07-18",13.6
"1986-07-19",15.4
"1986-07-20",13.8
"1986-07-21",15.0
"1986-07-22",14.5
"1986-07-23",14.8
"1986-07-24",14.0
"1986-07-25",8.2
"1986-07-26",10.0
"1986-07-27",11.2
"1986-07-28",13.3
"1986-07-29",13.7
"1986-07-30",15.0
"1986-07-31",12.5
"1986-08-01",15.3
"1986-08-02",16.4
"1986-08-03",17.6
"1986-08-04",15.0
"1986-08-05",14.8
"1986-08-06",13.8
"1986-08-07",14.8
"1986-08-08",16.6
"1986-08-09",17.3
"1986-08-10",12.2
"1986-08-11",12.1
"1986-08-12",13.9
"1986-08-13",16.8
"1986-08-14",16.8
"1986-08-15",14.5
"1986-08-16",15.1
"1986-08-17",13.8
"1986-08-18",13.0
"1986-08-19",14.5
"1986-08-20",18.0
"1986-08-21",20.2
"1986-08-22",21.0
"1986-08-23",16.5
"1986-08-24",12.2
"1986-08-25",15.0
"1986-08-26",15.7
"1986-08-27",17.7
"1986-08-28",18.9
"1986-08-29",14.9
"1986-08-30",11.4
"1986-08-31",15.4
"1986-09-01",15.2
"1986-09-02",17.6
"1986-09-03",17.2
"1986-09-04",21.6
"1986-09-05",18.7
"1986-09-06",13.9
"1986-09-07",13.3
"1986-09-08",14.6
"1986-09-09",16.5
"1986-09-10",17.7
"1986-09-11",13.6
"1986-09-12",15.2
"1986-09-13",15.5
"1986-09-14",16.5
"1986-09-15",18.8
"1986-09-16",13.6
"1986-09-17",14.0
"1986-09-18",13.8
"1986-09-19",16.0
"1986-09-20",19.3
"1986-09-21",16.9
"1986-09-22",14.3
"1986-09-23",16.7
"1986-09-24",21.3
"1986-09-25",19.4
"1986-09-26",18.7
"1986-09-27",14.7
"1986-09-28",16.2
"1986-09-29",15.5
"1986-09-30",23.4
"1986-10-01",22.0
"1986-10-02",16.7
"1986-10-03",14.4
"1986-10-04",16.4
"1986-10-05",19.6
"1986-10-06",18.3
"1986-10-07",14.4
"1986-10-08",14.8
"1986-10-09",17.1
"1986-10-10",15.2
"1986-10-11",19.5
"1986-10-12",21.1
"1986-10-13",21.7
"1986-10-14",14.6
"1986-10-15",18.2
"1986-10-16",17.8
"1986-10-17",23.5
"1986-10-18",20.8
"1986-10-19",15.7
"1986-10-20",16.1
"1986-10-21",21.0
"1986-10-22",15.0
"1986-10-23",16.0
"1986-10-24",16.0
"1986-10-25",14.8
"1986-10-26",14.6
"1986-10-27",16.1
"1986-10-28",21.6
"1986-10-29",23.8
"1986-10-30",27.0
"1986-10-31",20.7
"1986-11-01",19.7
"1986-11-02",20.0
"1986-11-03",28.8
"1986-11-04",30.0
"1986-11-05",33.1
"1986-11-06",18.9
"1986-11-07",16.3
"1986-11-08",19.0
"1986-11-09",18.3
"1986-11-10",21.2
"1986-11-11",16.5
"1986-11-12",16.7
"1986-11-13",19.5
"1986-11-14",29.1
"1986-11-15",19.7
"1986-11-16",22.6
"1986-11-17",20.7
"1986-11-18",14.0
"1986-11-19",15.5
"1986-11-20",14.8
"1986-11-21",19.2
"1986-11-22",27.4
"1986-11-23",18.5
"1986-11-24",18.5
"1986-11-25",31.5
"1986-11-26",16.7
"1986-11-27",15.7
"1986-11-28",16.7
"1986-11-29",22.0
"1986-11-30",25.7
"1986-12-01",29.2
"1986-12-02",27.7
"1986-12-03",29.4
"1986-12-04",19.9
"1986-12-05",27.8
"1986-12-06",31.2
"1986-12-07",22.8
"1986-12-08",17.6
"1986-12-09",19.4
"1986-12-10",27.5
"1986-12-11",18.4
"1986-12-12",17.3
"1986-12-13",17.5
"1986-12-14",17.3
"1986-12-15",21.9
"1986-12-16",21.1
"1986-12-17",17.9
"1986-12-18",19.6
"1986-12-19",23.6
"1986-12-20",18.2
"1986-12-21",20.0
"1986-12-22",17.5
"1986-12-23",18.9
"1986-12-24",18.7
"1986-12-25",28.9
"1986-12-26",21.6
"1986-12-27",20.7
"1986-12-28",21.8
"1986-12-29",21.9
"1986-12-30",35.0
"1986-12-31",26.0
"1987-01-01",20.0
"1987-01-02",33.6
"1987-01-03",20.1
"1987-01-04",23.5
"1987-01-05",23.6
"1987-01-06",24.5
"1987-01-07",27.0
"1987-01-08",17.0
"1987-01-09",18.9
"1987-01-10",21.8
"1987-01-11",27.5
"1987-01-12",22.8
"1987-01-13",26.5
"1987-01-14",22.7
"1987-01-15",22.5
"1987-01-16",37.8
"1987-01-17",22.0
"1987-01-18",27.6
"1987-01-19",21.2
"1987-01-20",22.6
"1987-01-21",18.7
"1987-01-22",17.5
"1987-01-23",17.7
"1987-01-24",30.3
"1987-01-25",25.6
"1987-01-26",32.7
"1987-01-27",22.9
"1987-01-28",21.0
"1987-01-29",22.5
"1987-01-30",25.7
"1987-01-31",37.8
"1987-02-01",21.3
"1987-02-02",38.7
"1987-02-03",21.5
"1987-02-04",18.8
"1987-02-05",21.7
"1987-02-06",30.6
"1987-02-07",40.0
"1987-02-08",20.8
"1987-02-09",23.7
"1987-02-10",22.0
"1987-02-11",20.5
"1987-02-12",23.3
"1987-02-13",34.2
"1987-02-14",36.7
"1987-02-15",21.3
"1987-02-16",28.7
"1987-02-17",27.6
"1987-02-18",28.8
"1987-02-19",37.0
"1987-02-20",21.7
"1987-02-21",22.7
"1987-02-22",18.5
"1987-02-23",25.4
"1987-02-24",28.7
"1987-02-25",18.4
"1987-02-26",24.3
"1987-02-27",33.0
"1987-02-28",16.5
"1987-03-01",18.0
"1987-03-02",22.1
"1987-03-03",24.3
"1987-03-04",24.7
"1987-03-05",30.1
"1987-03-06",22.7
"1987-03-07",22.9
"1987-03-08",16.4
"1987-03-09",16.2
"1987-03-10",19.0
"1987-03-11",27.0
"1987-03-12",21.7
"1987-03-13",16.7
"1987-03-14",17.7
"1987-03-15",21.6
"1987-03-16",33.8
"1987-03-17",31.8
"1987-03-18",32.0
"1987-03-19",17.6
"1987-03-20",20.2
"1987-03-21",17.3
"1987-03-22",17.0
"1987-03-23",15.6
"1987-03-24",17.1
"1987-03-25",21.9
"1987-03-26",20.1
"1987-03-27",29.7
"1987-03-28",20.7
"1987-03-29",16.5
"1987-03-30",15.8
"1987-03-31",17.4
"1987-04-01",19.4
"1987-04-02",21.1
"1987-04-03",19.9
"1987-04-04",28.6
"1987-04-05",29.7
"1987-04-06",29.7
"1987-04-07",19.9
"1987-04-08",17.4
"1987-04-09",18.6
"1987-04-10",23.0
"1987-04-11",25.1
"1987-04-12",26.6
"1987-04-13",19.0
"1987-04-14",21.2
"1987-04-15",16.5
"1987-04-16",17.5
"1987-04-17",18.2
"1987-04-18",24.0
"1987-04-19",22.8
"1987-04-20",15.1
"1987-04-21",16.1
"1987-04-22",15.8
"1987-04-23",17.0
"1987-04-24",19.7
"1987-04-25",24.9
"1987-04-26",26.9
"1987-04-27",27.9
"1987-04-28",18.5
"1987-04-29",17.0
"1987-04-30",16.4
"1987-05-01",20.8
"1987-05-02",16.7
"1987-05-03",15.8
"1987-05-04",18.5
"1987-05-05",16.5
"1987-05-06",16.6
"1987-05-07",17.4
"1987-05-08",21.7
"1987-05-09",22.7
"1987-05-10",23.3
"1987-05-11",22.5
"1987-05-12",21.9
"1987-05-13",17.9
"1987-05-14",20.1
"1987-05-15",16.0
"1987-05-16",16.6
"1987-05-17",15.6
"1987-05-18",15.2
"1987-05-19",14.3
"1987-05-20",15.0
"1987-05-21",14.5
"1987-05-22",16.9
"1987-05-23",18.3
"1987-05-24",18.0
"1987-05-25",13.5
"1987-05-26",13.7
"1987-05-27",10.9
"1987-05-28",13.6
"1987-05-29",15.2
"1987-05-30",14.1
"1987-05-31",13.2
"1987-06-01",13.8
"1987-06-02",14.6
"1987-06-03",16.2
"1987-06-04",14.5
"1987-06-05",14.3
"1987-06-06",15.6
"1987-06-07",15.9
"1987-06-08",19.3
"1987-06-09",16.0
"1987-06-10",20.3
"1987-06-11",15.8
"1987-06-12",16.2
"1987-06-13",12.8
"1987-06-14",15.0
"1987-06-15",13.4
"1987-06-16",13.2
"1987-06-17",13.8
"1987-06-18",15.7
"1987-06-19",16.2
"1987-06-20",14.9
"1987-06-21",18.3
"1987-06-22",15.3
"1987-06-23",15.2
"1987-06-24",14.2
"1987-06-25",12.0
"1987-06-26",13.7
"1987-06-27",13.8
"1987-06-28",12.3
"1987-06-29",12.8
"1987-06-30",13.1
"1987-07-01",14.5
"1987-07-02",14.0
"1987-07-03",13.3
"1987-07-04",15.7
"1987-07-05",16.0
"1987-07-06",16.2
"1987-07-07",18.0
"1987-07-08",16.3
"1987-07-09",15.8
"1987-07-10",13.3
"1987-07-11",13.7
"1987-07-12",11.5
"1987-07-13",13.7
"1987-07-14",12.3
"1987-07-15",12.6
"1987-07-16",12.7
"1987-07-17",14.8
"1987-07-18",14.9
"1987-07-19",12.0
"1987-07-20",12.8
"1987-07-21",12.4
"1987-07-22",13.0
"1987-07-23",13.1
"1987-07-24",12.9
"1987-07-25",13.8
"1987-07-26",15.2
"1987-07-27",13.1
"1987-07-28",11.1
"1987-07-29",10.8
"1987-07-30",13.1
"1987-07-31",15.0
"1987-08-01",15.7
"1987-08-02",16.4
"1987-08-03",14.1
"1987-08-04",15.5
"1987-08-05",14.8
"1987-08-06",13.9
"1987-08-07",15.4
"1987-08-08",14.8
"1987-08-09",10.9
"1987-08-10",12.9
"1987-08-11",12.8
"1987-08-12",18.6
"1987-08-13",14.6
"1987-08-14",18.0
"1987-08-15",18.5
"1987-08-16",11.8
"1987-08-17",13.3
"1987-08-18",14.5
"1987-08-19",14.0
"1987-08-20",13.3
"1987-08-21",15.0
"1987-08-22",18.4
"1987-08-23",13.6
"1987-08-24",15.3
"1987-08-25",16.1
"1987-08-26",19.0
"1987-08-27",15.5
"1987-08-28",16.2
"1987-08-29",14.9
"1987-08-30",17.9
"1987-08-31",10.1
"1987-09-01",12.1
"1987-09-02",13.1
"1987-09-03",12.9
"1987-09-04",15.4
"1987-09-05",15.6
"1987-09-06",14.0
"1987-09-07",14.2
"1987-09-08",17.4
"1987-09-09",14.0
"1987-09-10",13.6
"1987-09-11",15.7
"1987-09-12",14.0
"1987-09-13",15.0
"1987-09-14",16.4
"1987-09-15",15.1
"1987-09-16",17.1
"1987-09-17",18.9
"1987-09-18",23.8
"1987-09-19",25.9
"1987-09-20",15.0
"1987-09-21",17.0
"1987-09-22",19.0
"1987-09-23",26.5
"1987-09-24",26.9
"1987-09-25",23.7
"1987-09-26",30.7
"1987-09-27",29.6
"1987-09-28",25.9
"1987-09-29",20.2
"1987-09-30",14.8
"1987-10-01",13.9
"1987-10-02",15.7
"1987-10-03",22.8
"1987-10-04",18.7
"1987-10-05",17.0
"1987-10-06",19.0
"1987-10-07",14.1
"1987-10-08",17.6
"1987-10-09",19.0
"1987-10-10",15.8
"1987-10-11",12.9
"1987-10-12",14.5
"1987-10-13",15.9
"1987-10-14",21.9
"1987-10-15",24.1
"1987-10-16",19.4
"1987-10-17",15.4
"1987-10-18",17.6
"1987-10-19",20.5
"1987-10-20",19.4
"1987-10-21",18.0
"1987-10-22",16.8
"1987-10-23",15.8
"1987-10-24",16.0
"1987-10-25",22.1
"1987-10-26",26.8
"1987-10-27",26.3
"1987-10-28",17.5
"1987-10-29",19.0
"1987-10-30",30.3
"1987-10-31",32.7
"1987-11-01",35.0
"1987-11-02",36.1
"1987-11-03",18.1
"1987-11-04",18.1
"1987-11-05",16.8
"1987-11-06",18.6
"1987-11-07",20.5
"1987-11-08",27.8
"1987-11-09",18.8
"1987-11-10",16.8
"1987-11-11",17.2
"1987-11-12",19.6
"1987-11-13",18.8
"1987-11-14",18.5
"1987-11-15",19.8
"1987-11-16",30.5
"1987-11-17",28.3
"1987-11-18",32.6
"1987-11-19",30.1
"1987-11-20",19.8
"1987-11-21",19.9
"1987-11-22",23.8
"1987-11-23",24.3
"1987-11-24",17.4
"1987-11-25",18.2
"1987-11-26",18.4
"1987-11-27",16.9
"1987-11-28",24.0
"1987-11-29",32.8
"1987-11-30",18.9
"1987-12-01",15.5
"1987-12-02",16.0
"1987-12-03",16.6
"1987-12-04",20.8
"1987-12-05",19.6
"1987-12-06",18.5
"1987-12-07",17.6
"1987-12-08",20.8
"1987-12-09",21.5
"1987-12-10",25.0
"1987-12-11",21.2
"1987-12-12",22.6
"1987-12-13",25.6
"1987-12-14",25.1
"1987-12-15",32.5
"1987-12-16",27.8
"1987-12-17",21.5
"1987-12-18",20.7
"1987-12-19",19.9
"1987-12-20",18.4
"1987-12-21",22.3
"1987-12-22",24.6
"1987-12-23",25.6
"1987-12-24",19.0
"1987-12-25",18.7
"1987-12-26",29.2
"1987-12-27",31.8
"1987-12-28",18.4
"1987-12-29",19.2
"1987-12-30",30.8
"1987-12-31",32.2
"1988-01-01",22.0
"1988-01-02",21.4
"1988-01-03",20.0
"1988-01-04",20.6
"1988-01-05",22.2
"1988-01-06",30.0
"1988-01-07",40.4
"1988-01-08",26.3
"1988-01-09",39.0
"1988-01-10",30.6
"1988-01-11",39.2
"1988-01-12",37.8
"1988-01-13",28.8
"1988-01-14",30.8
"1988-01-15",38.7
"1988-01-16",25.2
"1988-01-17",20.6
"1988-01-18",21.0
"1988-01-19",25.6
"1988-01-20",36.2
"1988-01-21",24.9
"1988-01-22",26.2
"1988-01-23",20.0
"1988-01-24",19.7
"1988-01-25",20.3
"1988-01-26",25.1
"1988-01-27",29.1
"1988-01-28",37.5
"1988-01-29",39.2
"1988-01-30",33.7
"1988-01-31",19.5
"1988-02-01",19.9
"1988-02-02",21.0
"1988-02-03",20.3
"1988-02-04",22.6
"1988-02-05",32.9
"1988-02-06",21.3
"1988-02-07",19.5
"1988-02-08",19.2
"1988-02-09",22.0
"1988-02-10",27.2
"1988-02-11",32.2
"1988-02-12",25.4
"1988-02-13",25.0
"1988-02-14",25.2
"1988-02-15",26.7
"1988-02-16",25.3
"1988-02-17",29.9
"1988-02-18",27.6
"1988-02-19",20.6
"1988-02-20",21.0
"1988-02-21",21.6
"1988-02-22",24.0
"1988-02-23",23.8
"1988-02-24",21.9
"1988-02-25",29.4
"1988-02-26",37.4
"1988-02-27",21.5
"1988-02-28",21.1
"1988-02-29",21.0
"1988-03-01",36.3
"1988-03-02",28.7
"1988-03-03",19.4
"1988-03-04",20.3
"1988-03-05",20.8
"1988-03-06",30.5
"1988-03-07",30.3
"1988-03-08",23.4
"1988-03-09",25.7
"1988-03-10",15.7
"1988-03-11",19.3
"1988-03-12",18.8
"1988-03-13",17.0
"1988-03-14",17.6
"1988-03-15",18.5
"1988-03-16",21.0
"1988-03-17",26.9
"1988-03-18",30.6
"1988-03-19",32.7
"1988-03-20",29.2
"1988-03-21",25.8
"1988-03-22",28.2
"1988-03-23",24.7
"1988-03-24",30.6
"1988-03-25",30.6
"1988-03-26",29.0
"1988-03-27",26.5
"1988-03-28",25.5
"1988-03-29",24.9
"1988-03-30",20.9
"1988-03-31",23.4
"1988-04-01",18.1
"1988-04-02",20.7
"1988-04-03",20.3
"1988-04-04",21.1
"1988-04-05",19.5
"1988-04-06",20.4
"1988-04-07",17.3
"1988-04-08",18.5
"1988-04-09",21.0
"1988-04-10",23.5
"1988-04-11",25.7
"1988-04-12",23.1
"1988-04-13",24.8
"1988-04-14",22.4
"1988-04-15",17.4
"1988-04-16",18.3
"1988-04-17",26.0
"1988-04-18",25.5
"1988-04-19",21.8
"1988-04-20",21.2
"1988-04-21",25.2
"1988-04-22",21.7
"1988-04-23",22.6
"1988-04-24",24.3
"1988-04-25",17.0
"1988-04-26",20.7
"1988-04-27",22.7
"1988-04-28",25.4
"1988-04-29",24.9
"1988-04-30",25.0
"1988-05-01",20.5
"1988-05-02",20.2
"1988-05-03",19.4
"1988-05-04",21.4
"1988-05-05",25.5
"1988-05-06",19.4
"1988-05-07",18.8
"1988-05-08",17.0
"1988-05-09",15.5
"1988-05-10",16.2
"1988-05-11",16.7
"1988-05-12",20.1
"1988-05-13",21.4
"1988-05-14",16.4
"1988-05-15",17.3
"1988-05-16",17.0
"1988-05-17",18.2
"1988-05-18",17.5
"1988-05-19",14.9
"1988-05-20",18.0
"1988-05-21",16.7
"1988-05-22",17.1
"1988-05-23",16.8
"1988-05-24",17.7
"1988-05-25",18.4
"1988-05-26",18.5
"1988-05-27",15.5
"1988-05-28",15.4
"1988-05-29",17.5
"1988-05-30",16.8
"1988-05-31",18.9
"1988-06-01",19.4
"1988-06-02",20.3
"1988-06-03",19.3
"1988-06-04",17.0
"1988-06-05",16.4
"1988-06-06",13.3
"1988-06-07",13.6
"1988-06-08",14.1
"1988-06-09",14.8
"1988-06-10",14.1
"1988-06-11",17.0
"1988-06-12",16.0
"1988-06-13",16.5
"1988-06-14",14.9
"1988-06-15",14.4
"1988-06-16",13.5
"1988-06-17",11.3
"1988-06-18",15.0
"1988-06-19",13.0
"1988-06-20",14.9
"1988-06-21",14.6
"1988-06-22",14.1
"1988-06-23",15.5
"1988-06-24",14.4
"1988-06-25",12.0
"1988-06-26",17.5
"1988-06-27",13.3
"1988-06-28",14.3
"1988-06-29",14.0
"1988-06-30",13.5
"1988-07-01",13.3
"1988-07-02",12.3
"1988-07-03",12.6
"1988-07-04",14.1
"1988-07-05",16.6
"1988-07-06",17.3
"1988-07-07",17.1
"1988-07-08",16.1
"1988-07-09",15.0
"1988-07-10",15.4
"1988-07-11",14.6
"1988-07-12",14.6
"1988-07-13",16.8
"1988-07-14",16.5
"1988-07-15",15.6
"1988-07-16",14.8
"1988-07-17",15.2
"1988-07-18",15.2
"1988-07-19",15.0
"1988-07-20",14.1
"1988-07-21",15.5
"1988-07-22",12.6
"1988-07-23",12.9
"1988-07-24",15.1
"1988-07-25",13.0
"1988-07-26",15.6
"1988-07-27",13.4
"1988-07-28",14.4
"1988-07-29",14.5
"1988-07-30",15.4
"1988-07-31",16.7
"1988-08-01",16.1
"1988-08-02",16.6
"1988-08-03",16.5
"1988-08-04",13.8
"1988-08-05",13.4
"1988-08-06",11.9
"1988-08-07",10.7
"1988-08-08",13.2
"1988-08-09",13.1
"1988-08-10",12.8
"1988-08-11",16.2
"1988-08-12",18.0
"1988-08-13",18.9
"1988-08-14",18.3
"1988-08-15",19.8
"1988-08-16",19.3
"1988-08-17",16.2
"1988-08-18",17.6
"1988-08-19",17.5
"1988-08-20",13.2
"1988-08-21",13.2
"1988-08-22",13.4
"1988-08-23",14.2
"1988-08-24",16.1
"1988-08-25",14.2
"1988-08-26",14.3
"1988-08-27",14.5
"1988-08-28",17.1
"1988-08-29",18.2
"1988-08-30",22.2
"1988-08-31",22.4
"1988-09-01",15.6
"1988-09-02",16.6
"1988-09-03",14.5
"1988-09-04",17.7
"1988-09-05",21.0
"1988-09-06",14.3
"1988-09-07",20.0
"1988-09-08",20.2
"1988-09-09",19.2
"1988-09-10",19.8
"1988-09-11",14.8
"1988-09-12",14.2
"1988-09-13",17.2
"1988-09-14",17.2
"1988-09-15",22.1
"1988-09-16",15.4
"1988-09-17",16.1
"1988-09-18",14.8
"1988-09-19",15.1
"1988-09-20",20.2
"1988-09-21",22.3
"1988-09-22",24.6
"1988-09-23",18.4
"1988-09-24",18.2
"1988-09-25",23.4
"1988-09-26",23.8
"1988-09-27",20.1
"1988-09-28",20.5
"1988-09-29",19.5
"1988-09-30",18.8
"1988-10-01",19.8
"1988-10-02",26.2
"1988-10-03",21.2
"1988-10-04",21.2
"1988-10-05",17.3
"1988-10-06",20.5
"1988-10-07",19.2
"1988-10-08",18.0
"1988-10-09",17.7
"1988-10-10",23.7
"1988-10-11",16.9
"1988-10-12",23.2
"1988-10-13",22.3
"1988-10-14",18.7
"1988-10-15",24.0
"1988-10-16",16.4
"1988-10-17",18.8
"1988-10-18",19.0
"1988-10-19",26.7
"1988-10-20",19.3
"1988-10-21",19.5
"1988-10-22",21.2
"1988-10-23",17.0
"1988-10-24",24.4
"1988-10-25",29.0
"1988-10-26",19.2
"1988-10-27",24.6
"1988-10-28",23.4
"1988-10-29",22.6
"1988-10-30",21.1
"1988-10-31",29.1
"1988-11-01",36.1
"1988-11-02",23.1
"1988-11-03",16.5
"1988-11-04",16.2
"1988-11-05",21.3
"1988-11-06",25.4
"1988-11-07",26.4
"1988-11-08",21.1
"1988-11-09",21.1
"1988-11-10",19.7
"1988-11-11",31.2
"1988-11-12",34.5
"1988-11-13",22.9
"1988-11-14",13.5
"1988-11-15",16.2
"1988-11-16",15.3
"1988-11-17",19.2
"1988-11-18",29.4
"1988-11-19",27.7
"1988-11-20",19.6
"1988-11-21",16.8
"1988-11-22",19.9
"1988-11-23",20.4
"1988-11-24",18.3
"1988-11-25",16.7
"1988-11-26",16.9
"1988-11-27",18.9
"1988-11-28",17.6
"1988-11-29",18.6
"1988-11-30",21.4
"1988-12-01",28.7
"1988-12-02",28.0
"1988-12-03",22.8
"1988-12-04",17.2
"1988-12-05",18.7
"1988-12-06",19.9
"1988-12-07",23.0
"1988-12-08",30.8
"1988-12-09",31.7
"1988-12-10",20.8
"1988-12-11",20.8
"1988-12-12",25.2
"1988-12-13",31.3
"1988-12-14",32.1
"1988-12-15",34.3
"1988-12-16",33.7
"1988-12-17",28.6
"1988-12-18",19.2
"1988-12-19",20.9
"1988-12-20",21.1
"1988-12-21",26.1
"1988-12-22",26.4
"1988-12-23",36.8
"1988-12-24",26.3
"1988-12-25",17.9
"1988-12-26",21.3
"1988-12-27",19.5
"1988-12-28",20.1
"1988-12-29",21.7
"1988-12-30",19.5
"1989-01-01",24.8
"1989-01-02",30.2
"1989-01-03",31.6
"1989-01-04",19.0
"1989-01-05",21.3
"1989-01-06",20.6
"1989-01-07",22.8
"1989-01-08",33.2
"1989-01-09",24.7
"1989-01-10",21.3
"1989-01-11",17.9
"1989-01-12",18.7
"1989-01-13",25.3
"1989-01-14",31.0
"1989-01-15",33.2
"1989-01-16",31.0
"1989-01-17",18.2
"1989-01-18",19.1
"1989-01-19",22.2
"1989-01-20",20.3
"1989-01-21",19.8
"1989-01-22",18.3
"1989-01-23",27.5
"1989-01-24",29.8
"1989-01-25",31.0
"1989-01-26",32.9
"1989-01-27",35.5
"1989-01-28",36.0
"1989-01-29",36.6
"1989-01-30",21.7
"1989-01-31",19.8
"1989-02-01",26.7
"1989-02-02",22.9
"1989-02-03",19.8
"1989-02-04",24.9
"1989-02-05",24.8
"1989-02-06",28.8
"1989-02-07",32.7
"1989-02-08",33.7
"1989-02-09",24.7
"1989-02-10",21.6
"1989-02-11",26.2
"1989-02-12",33.4
"1989-02-13",22.9
"1989-02-14",31.2
"1989-02-15",23.1
"1989-02-16",24.4
"1989-02-17",30.7
"1989-02-18",38.8
"1989-02-19",21.5
"1989-02-20",20.7
"1989-02-21",20.3
"1989-02-22",21.3
"1989-02-23",30.0
"1989-02-24",37.1
"1989-02-25",21.1
"1989-02-26",22.0
"1989-02-27",34.4
"1989-02-28",33.8
"1989-03-01",37.8
"1989-03-02",38.4
"1989-03-03",32.8
"1989-03-04",34.4
"1989-03-05",26.4
"1989-03-06",27.3
"1989-03-07",28.0
"1989-03-08",30.7
"1989-03-09",30.7
"1989-03-10",23.4
"1989-03-11",26.1
"1989-03-12",26.1
"1989-03-13",21.8
"1989-03-14",18.9
"1989-03-15",18.5
"1989-03-16",17.5
"1989-03-17",21.5
"1989-03-18",25.1
"1989-03-19",21.9
"1989-03-20",24.2
"1989-03-21",24.2
"1989-03-22",27.4
"1989-03-23",21.3
"1989-03-24",18.0
"1989-03-25",18.7
"1989-03-26",20.0
"1989-03-27",20.9
"1989-03-28",19.3
"1989-03-29",19.3
"1989-03-30",22.2
"1989-03-31",17.7
"1989-04-01",21.9
"1989-04-02",25.2
"1989-04-03",25.1
"1989-04-04",28.5
"1989-04-05",27.6
"1989-04-06",19.6
"1989-04-07",18.5
"1989-04-08",19.2
"1989-04-09",20.4
"1989-04-10",22.8
"1989-04-11",23.0
"1989-04-12",20.3
"1989-04-13",18.0
"1989-04-14",18.0
"1989-04-15",20.2
"1989-04-16",18.1
"1989-04-17",19.2
"1989-04-18",17.8
"1989-04-19",19.8
"1989-04-20",20.3
"1989-04-21",18.3
"1989-04-22",18.3
"1989-04-23",20.2
"1989-04-24",22.0
"1989-04-25",24.3
"1989-04-26",24.7
"1989-04-27",25.4
"1989-04-28",19.9
"1989-04-29",23.0
"1989-04-30",21.8
"1989-05-01",19.3
"1989-05-02",18.5
"1989-05-03",20.6
"1989-05-04",17.2
"1989-05-05",17.5
"1989-05-06",19.1
"1989-05-07",18.0
"1989-05-08",18.9
"1989-05-09",23.4
"1989-05-10",19.3
"1989-05-11",19.2
"1989-05-12",21.2
"1989-05-13",21.5
"1989-05-14",17.2
"1989-05-15",16.8
"1989-05-16",16.0
"1989-05-17",18.9
"1989-05-18",20.6
"1989-05-19",15.9
"1989-05-20",16.7
"1989-05-21",18.4
"1989-05-22",16.2
"1989-05-23",16.2
"1989-05-24",15.8
"1989-05-25",16.2
"1989-05-26",18.3
"1989-05-27",18.5
"1989-05-28",19.4
"1989-05-29",17.0
"1989-05-30",14.6
"1989-05-31",11.0
"1989-06-01",12.4
"1989-06-02",14.0
"1989-06-03",10.8
"1989-06-04",13.1
"1989-06-05",15.0
"1989-06-06",13.0
"1989-06-07",17.5
"1989-06-08",16.0
"1989-06-09",10.2
"1989-06-10",13.7
"1989-06-11",15.4
"1989-06-12",13.6
"1989-06-13",12.9
"1989-06-14",14.2
"1989-06-15",15.0
"1989-06-16",15.2
"1989-06-17",18.2
"1989-06-18",12.3
"1989-06-19",13.8
"1989-06-20",13.9
"1989-06-21",14.6
"1989-06-22",14.9
"1989-06-23",12.6
"1989-06-24",11.2
"1989-06-25",12.9
"1989-06-26",14.1
"1989-06-27",12.8
"1989-06-28",15.8
"1989-06-29",16.0
"1989-06-30",16.0
"1989-07-01",16.6
"1989-07-02",16.6
"1989-07-03",16.0
"1989-07-04",12.7
"1989-07-05",12.3
"1989-07-06",11.8
"1989-07-07",14.1
"1989-07-08",12.6
"1989-07-09",12.9
"1989-07-10",11.5
"1989-07-11",12.9
"1989-07-12",11.8
"1989-07-13",11.9
"1989-07-14",14.2
"1989-07-15",12.0
"1989-07-16",11.7
"1989-07-17",11.8
"1989-07-18",13.0
"1989-07-19",11.4
"1989-07-20",11.0
"1989-07-21",12.3
"1989-07-22",13.1
"1989-07-23",11.4
"1989-07-24",16.0
"1989-07-25",15.3
"1989-07-26",13.2
"1989-07-27",15.9
"1989-07-28",16.0
"1989-07-29",19.6
"1989-07-30",15.2
"1989-07-31",10.6
"1989-08-01",14.8
"1989-08-02",15.8
"1989-08-03",14.1
"1989-08-04",14.4
"1989-08-05",10.7
"1989-08-06",13.2
"1989-08-07",13.0
"1989-08-08",13.2
"1989-08-09",16.0
"1989-08-10",13.2
"1989-08-11",11.8
"1989-08-12",11.6
"1989-08-13",13.4
"1989-08-14",15.2
"1989-08-15",15.5
"1989-08-16",13.5
"1989-08-17",14.0
"1989-08-18",18.5
"1989-08-19",14.9
"1989-08-20",13.9
"1989-08-21",15.9
"1989-08-22",11.3
"1989-08-23",12.2
"1989-08-24",13.8
"1989-08-25",13.8
"1989-08-26",11.3
"1989-08-27",13.0
"1989-08-28",13.6
"1989-08-29",13.2
"1989-08-30",16.0
"1989-08-31",17.2
"1989-09-01",14.7
"1989-09-02",15.5
"1989-09-03",15.2
"1989-09-04",16.0
"1989-09-05",16.6
"1989-09-06",17.8
"1989-09-07",19.8
"1989-09-08",20.6
"1989-09-09",19.0
"1989-09-10",19.5
"1989-09-11",12.6
"1989-09-12",14.3
"1989-09-13",14.9
"1989-09-14",13.7
"1989-09-15",14.2
"1989-09-16",18.4
"1989-09-17",15.4
"1989-09-18",18.7
"1989-09-19",16.9
"1989-09-20",16.5
"1989-09-21",20.0
"1989-09-22",17.2
"1989-09-23",15.8
"1989-09-24",20.0
"1989-09-25",14.3
"1989-09-26",14.2
"1989-09-27",14.7
"1989-09-28",22.4
"1989-09-29",25.3
"1989-09-30",21.5
"1989-10-01",15.0
"1989-10-02",13.8
"1989-10-03",15.6
"1989-10-04",22.8
"1989-10-05",18.0
"1989-10-06",16.6
"1989-10-07",20.0
"1989-10-08",17.5
"1989-10-09",18.1
"1989-10-10",17.1
"1989-10-11",18.4
"1989-10-12",18.8
"1989-10-13",21.8
"1989-10-14",19.7
"1989-10-15",26.1
"1989-10-16",18.7
"1989-10-17",20.8
"1989-10-18",29.7
"1989-10-19",21.0
"1989-10-20",17.3
"1989-10-21",16.8
"1989-10-22",19.4
"1989-10-23",16.8
"1989-10-24",21.1
"1989-10-25",20.4
"1989-10-26",26.1
"1989-10-27",15.0
"1989-10-28",17.0
"1989-10-29",24.0
"1989-10-30",22.5
"1989-10-31",16.3
"1989-11-01",17.9
"1989-11-02",17.7
"1989-11-03",18.4
"1989-11-04",25.6
"1989-11-05",28.3
"1989-11-06",15.1
"1989-11-07",16.8
"1989-11-08",19.6
"1989-11-09",15.8
"1989-11-10",16.9
"1989-11-11",17.8
"1989-11-12",18.2
"1989-11-13",19.2
"1989-11-14",19.0
"1989-11-15",18.4
"1989-11-16",22.0
"1989-11-17",16.4
"1989-11-18",16.7
"1989-11-19",17.4
"1989-11-20",20.6
"1989-11-21",30.4
"1989-11-22",30.3
"1989-11-23",35.5
"1989-11-24",18.8
"1989-11-25",24.7
"1989-11-26",27.3
"1989-11-27",29.4
"1989-11-28",32.5
"1989-11-29",33.9
"1989-11-30",25.0
"1989-12-01",33.6
"1989-12-02",25.7
"1989-12-03",19.0
"1989-12-04",18.4
"1989-12-05",22.1
"1989-12-06",25.2
"1989-12-07",23.9
"1989-12-08",28.7
"1989-12-09",31.1
"1989-12-10",29.1
"1989-12-11",25.6
"1989-12-12",23.2
"1989-12-13",19.0
"1989-12-14",17.1
"1989-12-15",18.0
"1989-12-16",20.0
"1989-12-17",32.9
"1989-12-18",32.1
"1989-12-19",25.2
"1989-12-20",18.5
"1989-12-21",18.9
"1989-12-22",20.8
"1989-12-23",23.7
"1989-12-24",28.0
"1989-12-25",35.2
"1989-12-26",23.2
"1989-12-27",18.0
"1989-12-28",19.8
"1989-12-29",31.9
"1989-12-30",21.5
"1989-12-31",33.0
"1990-01-01",21.6
"1990-01-02",31.2
"1990-01-03",36.6
"1990-01-04",19.6
"1990-01-05",23.1
"1990-01-06",21.9
"1990-01-07",21.1
"1990-01-08",27.6
"1990-01-09",27.3
"1990-01-10",30.1
"1990-01-11",33.5
"1990-01-12",24.2
"1990-01-13",21.4
"1990-01-14",20.4
"1990-01-15",20.3
"1990-01-16",18.5
"1990-01-17",29.5
"1990-01-18",25.4
"1990-01-19",25.2
"1990-01-20",21.6
"1990-01-21",21.8
"1990-01-22",25.4
"1990-01-23",36.6
"1990-01-24",36.6
"1990-01-25",28.7
"1990-01-26",27.2
"1990-01-27",25.5
"1990-01-28",23.6
"1990-01-29",25.6
"1990-01-30",35.9
"1990-01-31",19.1
"1990-02-01",15.0
"1990-02-02",20.7
"1990-02-03",21.9
"1990-02-04",18.2
"1990-02-05",21.9
"1990-02-06",25.3
"1990-02-07",29.6
"1990-02-08",29.9
"1990-02-09",24.4
"1990-02-10",20.2
"1990-02-11",23.5
"1990-02-12",26.0
"1990-02-13",25.9
"1990-02-14",27.4
"1990-02-15",31.5
"1990-02-16",35.8
"1990-02-17",23.9
"1990-02-18",27.8
"1990-02-19",26.0
"1990-02-20",31.1
"1990-02-21",35.2
"1990-02-22",27.8
"1990-02-23",21.3
"1990-02-24",21.5
"1990-02-25",23.0
"1990-02-26",24.4
"1990-02-27",27.4
"1990-02-28",23.8
"1990-03-01",25.2
"1990-03-02",28.5
"1990-03-03",25.3
"1990-03-04",25.6
"1990-03-05",24.1
"1990-03-06",19.3
"1990-03-07",22.7
"1990-03-08",31.2
"1990-03-09",25.8
"1990-03-10",21.5
"1990-03-11",20.3
"1990-03-12",18.9
"1990-03-13",25.2
"1990-03-14",26.8
"1990-03-15",19.2
"1990-03-16",21.5
"1990-03-17",30.8
"1990-03-18",18.6
"1990-03-19",19.8
"1990-03-20",21.3
"1990-03-21",21.3
"1990-03-22",29.9
"1990-03-23",32.0
"1990-03-24",32.4
"1990-03-25",32.5
"1990-03-26",32.6
"1990-03-27",31.5
"1990-03-28",21.0
"1990-03-29",20.6
"1990-03-30",19.7
"1990-03-31",19.7
"1990-04-01",20.1
"1990-04-02",17.8
"1990-04-03",22.1
"1990-04-04",28.8
"1990-04-05",26.8
"1990-04-06",27.1
"1990-04-07",19.4
"1990-04-08",19.1
"1990-04-09",22.5
"1990-04-10",26.0
"1990-04-11",22.2
"1990-04-12",28.4
"1990-04-13",25.2
"1990-04-14",20.9
"1990-04-15",17.6
"1990-04-16",17.2
"1990-04-17",17.2
"1990-04-18",18.7
"1990-04-19",18.6
"1990-04-20",21.8
"1990-04-21",16.7
"1990-04-22",17.9
"1990-04-23",20.8
"1990-04-24",21.2
"1990-04-25",17.5
"1990-04-26",16.6
"1990-04-27",17.5
"1990-04-28",18.1
"1990-04-29",18.5
"1990-04-30",19.8
"1990-05-01",23.0
"1990-05-02",21.2
"1990-05-03",21.2
"1990-05-04",23.1
"1990-05-05",20.2
"1990-05-06",18.1
"1990-05-07",16.2
"1990-05-08",18.7
"1990-05-09",21.2
"1990-05-10",19.3
"1990-05-11",21.8
"1990-05-12",19.9
"1990-05-13",13.6
"1990-05-14",14.7
"1990-05-15",18.0
"1990-05-16",19.3
"1990-05-17",17.7
"1990-05-18",14.6
"1990-05-19",14.5
"1990-05-20",14.4
"1990-05-21",15.4
"1990-05-22",14.5
"1990-05-23",16.2
"1990-05-24",14.2
"1990-05-25",13.2
"1990-05-26",15.2
"1990-05-27",17.4
"1990-05-28",13.7
"1990-05-29",16.8
"1990-05-30",17.7
"1990-05-31",16.2
"1990-06-01",13.2
"1990-06-02",16.3
"1990-06-03",16.3
"1990-06-04",14.6
"1990-06-05",13.9
"1990-06-06",16.0
"1990-06-07",18.4
"1990-06-08",19.0
"1990-06-09",17.4
"1990-06-10",16.2
"1990-06-11",16.3
"1990-06-12",16.8
"1990-06-13",14.6
"1990-06-14",14.2
"1990-06-15",13.3
"1990-06-16",14.0
"1990-06-17",11.7
"1990-06-18",12.9
"1990-06-19",12.7
"1990-06-20",14.6
"1990-06-21",15.1
"1990-06-22",16.1
"1990-06-23",16.2
"1990-06-24",13.0
"1990-06-25",12.4
"1990-06-26",12.6
"1990-06-27",9.7
"1990-06-28",11.8
"1990-06-29",15.8
"1990-06-30",13.6
"1990-07-01",8.9
"1990-07-02",12.2
"1990-07-03",13.2
"1990-07-04",15.2
"1990-07-05",12.6
"1990-07-06",12.9
"1990-07-07",15.9
"1990-07-08",15.4
"1990-07-09",15.0
"1990-07-10",14.2
"1990-07-11",15.7
"1990-07-12",14.4
"1990-07-13",14.7
"1990-07-14",14.5
"1990-07-15",15.5
"1990-07-16",19.2
"1990-07-17",18.2
"1990-07-18",13.9
"1990-07-19",15.0
"1990-07-20",15.8
"1990-07-21",15.7
"1990-07-22",15.6
"1990-07-23",17.7
"1990-07-24",18.8
"1990-07-25",15.2
"1990-07-26",14.5
"1990-07-27",13.5
"1990-07-28",13.4
"1990-07-29",12.4
"1990-07-30",15.5
"1990-07-31",13.2
"1990-08-01",14.0
"1990-08-02",14.1
"1990-08-03",15.1
"1990-08-04",17.2
"1990-08-05",15.1
"1990-08-06",14.5
"1990-08-07",13.6
"1990-08-08",13.1
"1990-08-09",13.1
"1990-08-10",13.3
"1990-08-11",14.8
"1990-08-12",15.0
"1990-08-13",16.4
"1990-08-14",15.3
"1990-08-15",13.8
"1990-08-16",13.5
"1990-08-17",12.7
"1990-08-18",13.1
"1990-08-19",15.8
"1990-08-20",16.0
"1990-08-21",14.4
"1990-08-22",11.9
"1990-08-23",13.2
"1990-08-24",12.0
"1990-08-25",11.6
"1990-08-26",12.1
"1990-08-27",17.3
"1990-08-28",17.0
"1990-08-29",14.7
"1990-08-30",17.8
"1990-08-31",13.7
"1990-09-01",16.6
"1990-09-02",14.5
"1990-09-03",13.6
"1990-09-04",15.8
"1990-09-05",16.4
"1990-09-06",16.8
"1990-09-07",14.6
"1990-09-08",15.7
"1990-09-09",19.7
"1990-09-10",20.7
"1990-09-11",18.6
"1990-09-12",13.7
"1990-09-13",11.9
"1990-09-14",14.0
"1990-09-15",14.6
"1990-09-16",13.4
"1990-09-17",16.6
"1990-09-18",21.0
"1990-09-19",23.2
"1990-09-20",23.9
"1990-09-21",17.8
"1990-09-22",16.2
"1990-09-23",22.1
"1990-09-24",24.3
"1990-09-25",19.0
"1990-09-26",16.5
"1990-09-27",17.1
"1990-09-28",17.3
"1990-09-29",16.8
"1990-09-30",21.7
"1990-10-01",20.1
"1990-10-02",15.0
"1990-10-03",14.8
"1990-10-04",19.8
"1990-10-05",24.0
"1990-10-06",14.0
"1990-10-07",15.3
"1990-10-08",14.8
"1990-10-09",16.8
"1990-10-10",20.8
"1990-10-11",12.9
"1990-10-12",14.3
"1990-10-13",18.9
"1990-10-14",22.6
"1990-10-15",24.7
"1990-10-16",19.6
"1990-10-17",20.2
"1990-10-18",23.9
"1990-10-19",15.1
"1990-10-20",17.1
"1990-10-21",15.3
"1990-10-22",16.0
"1990-10-23",16.8
"1990-10-24",19.8
"1990-10-25",27.2
"1990-10-26",29.1
"1990-10-27",31.4
"1990-10-28",33.2
"1990-10-29",33.7
"1990-10-30",19.6
"1990-10-31",31.8
"1990-11-01",22.4
"1990-11-02",21.4
"1990-11-03",22.0
"1990-11-04",21.6
"1990-11-05",30.7
"1990-11-06",30.2
"1990-11-07",32.6
"1990-11-08",26.6
"1990-11-09",22.0
"1990-11-10",16.3
"1990-11-11",17.2
"1990-11-12",25.5
"1990-11-13",32.1
"1990-11-14",18.4
"1990-11-15",21.0
"1990-11-16",16.8
"1990-11-17",15.6
"1990-11-18",18.5
"1990-11-19",21.5
"1990-11-20",28.1
"1990-11-21",31.4
"1990-11-22",20.9
"1990-11-23",18.7
"1990-11-24",19.9
"1990-11-25",21.9
"1990-11-26",19.1
"1990-11-27",28.5
"1990-11-28",26.2
"1990-11-29",20.1
"1990-11-30",19.9
"1990-12-01",22.2
"1990-12-02",31.4
"1990-12-03",24.1
"1990-12-04",35.2
"1990-12-05",36.9
"1990-12-06",33.2
"1990-12-07",35.7
"1990-12-08",21.1
"1990-12-09",21.6
"1990-12-10",18.6
"1990-12-11",18.8
"1990-12-12",18.7
"1990-12-13",21.6
"1990-12-14",22.4
"1990-12-15",20.9
"1990-12-16",23.3
"1990-12-17",34.4
"1990-12-18",20.7
"1990-12-19",24.2
"1990-12-20",22.2
"1990-12-21",23.5
"1990-12-22",30.3
"1990-12-23",19.8
"1990-12-24",23.3
"1990-12-25",29.3
"1990-12-26",20.9
"1990-12-27",37.6
"1990-12-28",23.2
"1990-12-29",25.1
"1990-12-30",24.4
"1990-12-31",24.6